Id,content,Label
1,الله يبارك انشاء الله مبروك,Happiness
2,برافو عليك فديواتك يقتلو بضحك,Happiness
3,يعيشك ❤ امان حلقة علي بسكلات,Happiness
"4,""just i want a family like this thanks for make me happy . The content you provide is very good, keep making videos like this.i hope to you all the best 🥰😍.وربي يخليكم لبعضكم و ربي يفضلكم❤"",Happiness"
5,احلى عائلة ما شاء الله,Happiness
"6,""ما شاء الله ، ربي يحميكم و يحفظكم محلاكم .. انتوما وين في المانيا ، خلي نعملو لمة هبة و البنوتات و متابعيها ❤❤❤"",Happiness"
7,سلام عملتلك ابوني  نجوى من فرنسا مقيمة في حدود سويسرا,Neutral
8,شاركينا كيفاه رحتي لألمانيا من فضلك,Neutral
9,ما شاء الله ربي يحفضكم ❤️❤️❤️,Happiness
10,17:33 ما شاء الله تبارك الرحمن هذيا الدنيا مانا الجنة كيف ربي يرزقنا الفردوس الأعلى من الجنة بدون حساب ولا سابق عذاب 🤲🏼🤍,Happiness
11,اختي معاش تعمل الموسيقى باش نجموا نتفرجوا و احنا عاملين جو معاك و من غير ذنوب ربي يبارك فيك ❤,Neutral
12,ما شاء الله عليكم. اول مرة اتابعكم و اكيد موش اخر مرة. فيديو رائع ربي يحفظكم. Bonne cotnuation,Happiness
"13,""ان شاءالله دائما متألقين و أحسنتم إختيار البلد فعلا سويسرا رائعة،و ربي يهنيكم و الله يباركلكم في البنات،Bravo🎉🎉🎉"",Happiness"
14,لقد هرمنا من اجل هذا الvlog عنا قريب الشهر نستناو ههه أجواء عالمية ما شاء الله ربي يحفظكم و بربي ما عادش تبطاو علينا ...💕,Happiness
"15,""مشاء الله الله يحفظكم عاد جيت من نفس المخيم ، هد المخيم نضيف بزاف أو انشاء الله غادي ندي ليه عائلتي لأنو يستاهل التخييم فيه. بالتوفيق والله يحفظ ليكم الوليدات"",Happiness"
16,❤❤❤ما شاء الله ربي يحفظكم,Happiness
17,ما شاء الله على بنت بلادي ربي يحفظكم❤,Happiness
18,يعطيكم الصحة 👍محلاكم خدمة تحفونه بالتوفيق ان شاءالله ❤❤❤,Happiness
19,مبروك عليك❤❤,Happiness
20,ربي يخليك خويا محلاكم لكن ماتتكلموش في الطوالات خاتر الملاءكة تلعنكم لأنها تضطر تدخل الطوالات باش تفيد كلامكم اقوالكم,Neutral
21,ههه والله يعطيك الصحة,Happiness
22,ما شاء الله عليك يا اختي حلومة نتعلم منك ويعطيك وسع البال ويخليلك اولادك❤🎉😊,Happiness
23,ما احلاها لوخية ربي ايفظلها وصحة التبحيرة حلومة أنا اسالتك على أكاديمية امتاع محمد بربي فين وتقري فرنسية و رياضيات نحب نقري ولدي جاوبني ايعيشك 😊😊😊,Happiness
24,🌹♥♥🌹♥♥🌹🤲🤲🤲 صباح الخير صباح الخير احلام اللهم امين يا رب ما شاء الله تبارك الله الله يبارك فيك الله يحفظك يا رب والله يحفظ كل العائله ما شاء الله ما شاء الله الله يحميكم يا رب,Happiness
25,صحة حلومة اما بربي وين البلاصة في سوسة,Neutral
26,ما شاء الله على زيزو ربي يحفظ و تفرح بيه و باخوات❤❤❤,Happiness
27,صباح النور يا حلومة انت علاش ما تعملي استديو فوق السطح ما شاء الله محمد ما زال يكبر و يوصل الباك ان شاء الله و جيوه اصحابو يبدأ مستقل علي روحو خير مجرد رأي رببي يعينك و صحة التبحبيحة لولداتي,Neutral
28,فما حاجة وراك,Neutral
29,لا بلحق ياسر خوفتنى مال مانيش مروح لتونس تو نبقى مع خالتى فى فرنسا😢,Fear
30,فما حاجة وراك😮😮😮😢😢😢😅😅,Fear
31,فما حاجة وراك,Neutral
32,المفروض يعتز بالاكل التونسي كان جاوا يحب بلادهم,Neutral
33,وعليكم السلام ورحمه الله وبركاته عواشر مبروكه,Happiness
34,لاحول ولاقوة الابالله العلي العظيم الله يرحمهم مساكن مبروك عواشرك اختي نسرين عيد سعيد ♥️🌹♥️,Sadness
35,تبارك الله عليك الله يعطيك الصحة,Happiness
36,ادعو مع بنتي الله يجازيكم بالخير بالتوفيق اليوم تبلغت بخبر رفض او نتيجة اختبار او القبول لوظيفة وهي جد حززينة وبكات بزااف مسكينة في يوم العيد وعواشر وبكيت معاها وانا مريضة بكيت تنحس بلي بنتي ما عندها زهر يارب عوضها بالاحسن يا كريم وفرحها اللي شاف تعليقي يدعي معاها الله يرحم والديك ويرزقهم الجنة وعيد مبارك سعيد,Sadness
37,عيدك مبروك متتبعة من الجزائر ❤❤❤,Happiness
38,الله يبارك فيك,Happiness
39,مبروك عيدك وينعاد عليك بالصحة والهناء,Happiness
40,عيدكم مبروك ❤ تحياتي من تونس 🇹🇳,Happiness
41,مبروك عيدكم,Happiness
42,عواشركم مبروكة بالصحة و السلامة و طول العمر إن شاء الله و تحياتي لكل صناع هاد المحتوى في أرض الوطن و لا في بلاد المهجر ... الحمد لله الأجواء ديال العيد دازت بخير .. أما بالنسبة لهاد القضية فآش غادي نقول ليكم غير حسبي الله و نعم الوكيل السيد لمجرد أنه ما قدرش يتحكم في أعصابه ارتكب جريمة قد راسو ... 💔,Sadness
43,عيد مبروك🎉🎉تحية كبيرة من الجزائر ❤❤,Happiness
44,السلام عليكم ختي نسرين عيدك مبروك ❤,Happiness
45,أنا تونسيا و من المهدية ربي يخليكم,Neutral
46,تحيا السعودية راني نحبكم برشا من تونس,Happiness
47,تونس ديمه الكلام عندك يقول وش😂😂😂,Happiness
48,تحية من السعوديه لاهلنا واحبابنا في تونس الخصراء مرحبابيكم ايعيشكم اشنوا حوالكم خوتنا في تونس احنا باهين انتوما باهين زادا ههه قداش باهين خوتنا بتونس انتوما باهين برشا عسلامه باش نقولكم نحن من السعودية باش نحبكم برشا 🇸🇦❤️🇹🇳,Happiness
49, آخر شي بكلمة تونس كلها شين شين شين,Neutral
50,حرفياً تونس كل شي اخر حرف ش,Neutral
51,تونس لهجتهم تهبل الله يبارك تعجبني ياسر ❤ احلى تحيا من الجزائر ❤️🙏🏻❣️,Happiness
52,نشال لباس😂😂😂❤فلوجة❤❤❤,Happiness
53,شنو اسم المسلسل الله يعيشكم ❤❤❤,Neutral
54,قليل أدب تصرفو غير مقبول كاين بزاف تلاميذ هك ميقدروش الأستاذ ويضحكو الأستاذ بشر ويحرج كيفكم قدروه ❤,Anger
55,أعملوا مسلسلات باش تطلع بناتكم قحاب كيفكم,Anger
56,هذه اللهجة جميلة جدا بالتوفيق❤,Happiness
57,الله يبارك خاوتنا التونسيين 🇩🇿🇩🇿🇩🇿❤❤🇹🇳🇹🇳🇹🇳,Happiness
58,فتونس هكا تقراو زعمة ستيل ماريكان ههه,Happiness
59,تو فما شكون اسمي نوح في تونس ههه,Happiness
60,هناك قوانين يحال لها النلميذ الى مجلس التربية .لكن مش من ضربة الاولى ايامات من رجوع التلانيذ الى المعاهد من عطلة الصيف وبعض الاساتذة لم يلتحقو بالدرس بعد...علاش تعطيل سير الدروس وخلق جو يسوده مشاكل بالله ناقصين...الاولياء دافعين دم قلبهم باش يانجم يدخل تلميذ للقسم والمعهد ..كل شي غالي اغلب اولياء في قروض...شي يوجع القلب..والله...الانضباط اخلقوه في لباس وهندام وطبلية لي توصل للوسط..ومفتوحة للفتيات .ووو..اللمضباط اعملوه خلق اقسام مراجعة باش اولادنا ميتلوحوش في شوارع كيف الاستاذ اغيب او ساعة,Anger
61,احنا كمان في موريتانيا بنلبس اي حاجة المهم بس ان البنت تكون مغطية شعرها ولباسها محتشم والولد ميكونش لابس شورت او شعرو يتخطى وذانو,Neutral
62,حاول من قبلك ابنها المتبرجة بورقيبة والمقبور الاخر ولكن لم يستطيعوا ان ينزعوا الصلاة والدين من التونسيون فاعتبيري ايتها العلمانية المقلدة للباس الغرب,Anger
63,صلوا الفروض في وقتها وفي أي مكان وهذه عجوز شمطاء لا تلقوا لها بالا حي الله الشباب شباب الإسلام شباب الامه وعماده الله يوفقكم,Anger
64,مديرة تلبس لباس المراهقات تريد واحد يطحن طيزها ما تريد الشباب يصلي 😂😂,Disgust
65,من ليبيا الله يبارك فيك ويرحم والديك ارض الله,Happiness
66,اللهم بارك شوية شباب و بنات رجالة الله يبارك فيهم ❤❤❤,Happiness
67,ما شاء الله جيل صالح وواعي يا رب ثبتهم,Happiness
68,برافو عليكم يا شباب بارك الله فيكم,Happiness
69,مبروك عليها العالمية,Happiness
70,الله يبارك فيك يا ولدي تستاهل ملعونة,Anger
"71,""هاهم الشباب الرجال ليغرحونا ، ما شاء الله عليك يا راجل ."",Happiness"
72,حسبنا الله ونعم الوكيل هذي مديره متصهينه كافره المفروض تفرح موش تعارك و تعليم في صوتها ما تستحي الله ينتقم منها ما شاء الله علي الشباب ربي يحفظهم ويسلمهم,Anger
73,انضرو إلا لباسها وصيفتها لا تكونو مفاجءين عاءرا من العاءرات حسبنا الله ونعم الوكيل,Disgust
74,مع الاسف تونس تحكمها النسويه وين رجال تونس,Anger
75,الله اكبر الله يبارك فيك ويعزك,Happiness
76,وين شباب تونس وين رجالها افصلوها من المدرسه هاذي المره تحارب الله ورسوله,Anger
77,ما شاء الله لا زال فالامة خير,Happiness
78,اقيموا الصلاة كل يوم غصبا عنها لكي تتعلم ظمن هذه التجربة بأن تونس بلد مسلم...تحياااتي لكم بالتوفيق ياشباب... ستكتب لكم عند الله ج...هادا باذنه...,Neutral
79,في عهد بورقيبة وبن علي ما كانوا يخلوا الشباب تصلي الان ما شاء الله الشباب تصلي بكل الساحات الله اكبر,Happiness
80,برافو عليكم ياشباب,Happiness
81,والله رجال الله يبارك فيه وفي امثاله,Happiness
82,عندنا صهاينة اكثر من الصهاينة متع اسرلءيل هاذي لازم يرحلوها لااسراءيل موش تونسية الخامجة هاذي,Anger
83,عاشت ايدها مبروك على تونس وحدة مثقفة من مستنقع التخلف والغباء الاسلامي هنيال تونس فيك عاشت ايدج,Disgust
84,من لباسها تعلم أنها فاجرة متكبرة تصلح لان تكون مسيرة بيت دعارةً وليس مدرسة,Disgust
85,الله يبارك فيك وجميع من ينضم الى هذا البطل,Happiness
86,ما شاء الله عليه الله يثبته على الحق الله يهديها للرشد والصواب ويعافيها من هالمرض اللي هي عليه,Neutral
87,برافو عليكم ارض الله مش ارضها هذه ماتصلح مربية اجيال هذه تجلس بالبيت لان ضرها اكثر من نفعها,Anger
88,ربنا يحفظكم يا اولادي صلوا صلاتكم ولا تتركوها ... الصلاة هي عماد حياة الانسان ... نظموا وقتكم بالنسبة لصلاتكم وليس العكس ما شاء الله عليكم من الجزائر... ربنا يحفظكم اما هذه المديرة فيا ويلها من غضب الله,Anger
89,أولادنا ما شاء الله عليهم أما الست دي منها لله حسبنا الله ونعم الوكيل فيها,Anger
"90,""هؤلاء من بقايا أولاد فرنسا 🇫🇷 المنافقون والمنافقات في بلداننا العربية والإسلامية، ما تستحي بذلك اللباس الذي يظهر عورتها. سبحان الله العظيم الحياء زينة المرأة الحقيقي. She’s only changing the colour of her skin with these tight clothes!!! أستغفر الله العظيم"",Disgust"
91,ما شاء الله عليه يتمتع برجولة من الصغر,Happiness
92,برافو عليكم,Happiness
93,أهنئكم الله يبارك فيكم ويكتر من امثالكم,Happiness
94,المرأة التونسية في إنحطاط تام.. وكل يوم تخرج خامجة جديدة باللباس العاري في البلاطوهات و التلفزيون وحتى المنصات تسمي نفسها فنانة. 😢😢😢,Disgust
95,لاعجب عليها ان تمنع الصلاة فقد خلعت لباسها الاسلامي وتبرجت والعلم عند الله هل تصلي هذه السيده ام لا استغفر الله,Disgust
96,إقرا المكتوب من عنوانه لباسها فاضح غير مستور كيف تبونها تتقبل الصلاة وينكن تكون نصرانية او يهودية او متأسلمة,Disgust
97,ماقصرتو برافو عليكن خلي هي وغيرها من هالأغبياء يعرفو انو ماحدا بيثنينا عن صلاتنا,Anger
98,الله يبارك فيك وفى اللى ربتك,Happiness
99,الله أكبر الله يبارك فيكم الصلاة ثم الصلاة ثم الصلاة 🎉🎉🎉,Happiness
"100,"",هذو ابناء لليهود الله يبارك في اولدنا"",Anger"
"101,""ما شاء الله، تربية الأولاد تربية حسنة ربي يثبتهم ويرضى عنهم اللهم هب لنا من أزواجنا و ذرياتنا قرة أعين❤ اللهم صلى وسلم على سيدنا محمد❤"",Happiness"
102,جمال ما شاء الله تبارك الخالق باقة من الزهور 🎉❤❤❤,Happiness
103,اللي مع الترجي و تونسي يحط👇🩷,Neutral
104,ما شاء الله على بنات بلادي ❤❤❤🎉,Happiness
105,أنا من الجزائر الله يبارك على بنات تونس,Happiness
106,أنا من تونس نشيخ علاها عندك مشكل🇹🇳🇹🇳🇹🇳🇹🇳🇹🇳❤❤❤,Anger
107,تحيه من تونس الى الجزائر الشقيقه احنا نحبكم برشا برشا❤❤❤,Happiness
108,😢😢😢😭😭😭❤🇮🇶 الله يبارك فيكم يا بنات 🧒 يا حلوات و عقبال الباقي و يارب يكون خير ❤,Sadness
109,ما شاء الله,Happiness
"110,""تحيا تونس الخضراء ، نحبكم برشا من ارض الرافدين"",Neutral"
111,أنا تونسي قبل تونس كان إسمها إفريقية,Happiness
112,تونس كان أسمها افريقية,Neutral
113,كان اسمها افريقيا ❤❤❤ أحب بلادي تونس ❤❤❤😊😊😊🎉🎉🎉,Happiness
114,تونس كان اسمها افرقيا,Happiness
115,تونس معناها عندي الحب ❤ربي يحفظك يا بلدي,Happiness
116,أنا من تونس🇹🇳🇹🇳🇹🇳وأنا نحبها برشا برشا,Happiness
117,أنا من تونس 🇹🇳 احبها برشا,Happiness
118,الحمد لله تونس ولت عندها شعبيه في اليوتيوب,Happiness
119,أنا نحب تونس 🇹🇳 برشا,Happiness
120,تحيا بلادي تونس 🇹🇳🇹🇳 نحبك برشا 😍,Happiness
121,تونس كان إسمها قرطاج أو أفريقيا,Happiness
122,و تونس كان أسمها لوبيا في عهد قرطاج,Happiness
123,من تونس بلدي و كان إسمها إفريقية,Happiness
124,تعرف أنو تونس كن اسمها قرطاج 🇹🇳 ؟,Happiness
125,مبروك 3000 الف مشترك❤,Happiness
126,الف مبروك حلوه❤,Happiness
127,جمال ما شاء الله تبارك الخالق باقة من الزهور 🎉❤❤❤,Happiness
128,اللي مع الترجي و تونسي يحط👇🩷,Happiness
129,ما شاء الله على بنات بلادي ❤❤❤🎉,Happiness
130,أنا من الجزائر الله يبارك على بنات تونس,Happiness
131,نسيم عبدك مبروك ❤❤❤😊❤❤❤😊,Happiness
132,الله يوفقك ويسعدك كنت عند كلمتك,Happiness
133,محلاااك والله ويعيشك على كل مجهوداتك❤❤,Happiness
134,انا من تونس احسن فيديوهات في العالم كله والله يعطيك الصحة برافو بليز جاوبزي,Happiness
135,بالله يبارك فيك شخنا على فيديواتك,Happiness
136,مليون مبروك يا 🎉 ناسيم,Happiness
137,اسمه gشاش الحوت هكا هكا يقولوله في صفاقس❤,Happiness
138,انشاء الله بالتوفيق ❤,Happiness
139,يعطيك الصحه ربي معاك فيبالك إلي انا تونسيه كيفك,Happiness
140,عيدكم مبروك,Happiness
141,إيعيشك نسيم على ختار نفضت وعدك,Happiness
142,راح نعطيك نصيحة أخوية. 😊😊استمر في مقاطع فيديو 24 ساعه. وبالتوفيق,Happiness
"143,""صحة صحة بالشفاء والهناء ليكم ,مغامرات رد بالك على روحك استحفظ على روحك بالتوفيق والنجاح"",Happiness"
144,ما شاء الله صحة و فرحة 🐠🐟,Happiness
145,خويا نسيم بش نقترح عليك تصور فيديو في المهدية بحرها باهي برشا نتصور تلقى أسماك,Happiness
146,يعيشك يانسيم طلعلي كومنتاري ماك تقراهم الكل بالله إجى لبحر سيدي عبد الله بالشابة أسإل عليه وإجا وبالله أعمل فيديو بش تزيد تأكد لناس إنو ما فماش حكاية القرش في الشابة,Happiness
147,ام شي صفاقس بحر و مهديت,Happiness
"148,""تبارك الله عيك ما شاء الله ربي يحفظك، محتوي ممتاز جدًا، لاكن انصحك يا نسيم ان تعمل ترجمة بالانجليزية على محتواك حتّى تكبر قناتك و يصل محتواك الى العالم و لا يكون مقتصرًا الاّ في تونس"",Happiness"
149,ياخويا نسيم تحياتي ليك من تبسة جيرانكم حبيت نطلب منك تصطاد لي هديك الصدفة الي فيها لؤلؤ من الداخل يعيشك اقرأ تعليقي راني شحال وانا متمنيتها,Happiness
150,انا زدا كيفك انحب لبحر. تنمشي مع عايلة لبحر سوسة. شط مريم زعم نلقى. مخلوقات بحري؟,Happiness
151,يا نسيم خويا شوفلنا كيفاش تلقالنا سلحفاة بحر تحبو نشوف فيديو كامل على سلحفاة البحر فما برشا اماكن تلقاها فيها مثل جزيرة قوريا بالمنستير 😊❤👏👏,Happiness
152,ولدي تغرم بالبحر على خاطره يتفرج على فيديواتك ربي يخليك ❤❤❤,Happiness
153,يعيشك يا نسيم على هالفيديو مش نورمال يهبل ربي يفضلك لنا 😊😊😊❤❤🎉🎉🎉❤❤❤,Happiness
154,الله يبارك ربي يدومها إن شاءالله,Happiness
155,الله يبارك ما أجمل أن تأخذو راحة بعد اختبار صعب أو ضغط دروس🎉😊,Happiness
156,ما شاء الله يا منى الله يحفظك ❤ حبيبتي,Happiness
157,الف مبروك حبيبتي,Happiness
158,مبروك عمرك نفس عمري❤❤🎉🎉,Happiness
159,ألف ألف 🎉🎉🎉 مبروك ❤,Happiness
160,أحلى منئ جميله أميرة الشاطرة الذكية حلوة حفلتها صاحبتها😊❤هي على راحتك على كيفك￼😊 يا عمري❤😊,Happiness
161,الف. الف. مبروك. مبروك❤❤❤,Happiness
162,انا عندي هكا,Happiness
163,ألف مبروك 🎉🎉,Happiness
164,١ مبروك العيد انت اختك ا لاله ومبروك مبروك العيد ومبروك عليك اسمحي لي راهي الغلط,Happiness
165,ما شاء الله البنت مؤدبة الله يحفظها لك,Happiness
166,ما شاء الله هذا كنز مو هديه ههه,Happiness
167,منى❤❤❤ ❤❤❤انا اسم بلقيس من تونس,Happiness
168,الف مبروك نشالله 😊😊😊,Happiness
169,ما شاء الله يا مدلعه ههه😂,Happiness
170,مبروك,Happiness
171,الله يبارك ختي,Happiness
172,انا نفسى فى هدية زيها 😔 * ما شاء الله,Happiness
173,بسم الله ما شاء الله صلاة النبي,Happiness
174,1000 مبروك,Happiness
175,منى كيفك ممكن تعمليلي هديه,Happiness
176,اي ما شاء الله انا بس يصير عيد ميلادي يقولولي كبر جحشنا سنة,Happiness
177,ذكية ما شاء الله,Happiness
178,المحتوي لي هكا علاش ما يتشهرش أكثر في تونس ؟,Happiness
179,مرحبا كيفك اخوي انا من فلسطين كيف بتقدر تساعدني في التقديم لجواء لا كندا,Happiness
180,انشاء الله بالتوفيق,Happiness
181,تونسي عندي شهادة في البناء,Happiness
182,كيفك,Happiness
183,انا مروان من صفاقس عندي شعد في نخار,Happiness
184,يعيشك خويا,Happiness
185,بالتوفيق للجميع إنشاء الله,Happiness
186,زعمة مكانش الخدمة الله يذلك ماشي تساسي زلابية متاع تونس,Happiness
187,هي قسمة و نصيب اما نفس الشيء الله غالب نفس سيستام . كان تحب تخدم في تونس صعيب . اما كان عندك شكون في la tunisie حاجة اخرى .,Happiness
188,عجبني كي قال سافرت بصح غي فالجزائر 😂 والله كامل كيفكيف طبنا فيها,Happiness
189,تونس مزيانة وباهية برشا برشا تحياتي من الجزائر نحبوكم بزاااف بزاااف❤❤❤,Happiness
190,🇹🇳🇸🇦🌹🫶عيدكم مــبـارڪ🫶🌹🇸🇦🇹🇳 احفاد الصحابه المرابطين والموحدين قلوب الرجال وعزة الاسلام اخواننا بتونس الحبيبه اهلنا رجال الصمود والنخوة والشهامة 🫶🇹🇳🇸🇦🇹🇳🇸🇦🇹🇳🇸🇦🇹🇳🇸🇦🫶العزة للّٰه ثم رجال الاسلام والعروبه اهلنا اخواننا التوانسه ايه نعم اي وربّٰ الكعبه يشهداللّٰه انتم رجال الصمود وغيرة وحمية الاسلام يعيشكم تحيا تونس والجزائر وليبيا دمار لدول الكفر وعزة لنا وغزة والمسلمين🇸🇦🫶🫶حبكم بقلوبنا اللّٰه اكبر اللّٰه اكبر اللّٰه اكبر لااله الااللّٰه اللّٰه اكبر اللّٰه اكبر وللّٰه الحمد,Happiness
191,ما شاء الله تلك الحي أغلى من ميزانية الجزائر المنكوبة التي تعاني من الطوابير و الجوع و الاحياء المهمشة القصدرية الهشة 😮,Happiness
192,جمال ما شاء الله تبارك الخالق باقة من الزهور 🎉❤❤❤,Happiness
193,اللي مع الترجي و تونسي يحط👇🩷,Happiness
194,ما شاء الله على بنات بلادي ❤❤❤🎉,Happiness
195,أنا من الجزائر الله يبارك على بنات تونس,Happiness
196,ما شاء الله ربي يباركلو على صدقوا إن شاءالله و إن شاء الله بش نمشي نجربها أنا نحب لبلايص كيما هكا,Happiness
"197,""الله يبارك ، روعة"",Happiness"
198,برافو عليك النجاح ينبع من داخلنا وتراثنا من اي بلد كان الشخص الله يرزقك ويرزق منك يارب اعجبتني محافظه على لهجتها ماكائنها اتغربت واعجبني كلامها ثقافتها وإمتنانها للبلد اللي هي فيه وشكرها لرب العالمين سبحانة,Happiness
199,ههه وليبيا وين خليتها و معلوماتك الجغرافية ضعيفة ...يعيشك برشا برشا اليوم عرفتك معلومة جديدة عن المغرب العربي.,Happiness
200,أولا العلم غالط هذا علم تركيا 🇹🇷و هذا علم تونس 🇹🇳 ثانيا تقولو الفيديو باش يعجبك برشا برشا ماهوش يعيشك برشابرشا الفيديو باش يعجبك كسرتها كرايمها اللغة ماتعرفش تستعمل الكلام التونسي ماتستعملهاش و أحكي عادي التونسا ذكين يفهمك حتي لو تحكي هندي,Happiness
201,علم تونس🇹🇳🇹🇳🇹🇳🇹🇳🇹🇳🇹🇳🇹🇳✅ صحة و بالشفاء الكسكسي و العجة و المرقاز و الهريسة العربي👌🌶🌶برشا برشا 😎👍,Happiness
202,آني من تونس وعايش فالرياض أضاك علاش إسمي نعيم مبروك ❤أبنسب تونس أحسن بلاد الناس فيه باهين برش ويحب بعضهم كيف لخوات قدرولي تعبي بشوي لايكات,Happiness
203,معلوماتك غالطة تونس أقدم بلد في شمال أفريقيا و المطبخ التونسي مستوحة من منتجات الفلاحية المتميزة بها تونس إيطاليا أخذت الباستا من بنزرت لأنها تونس معروفة بانتاج ارفع أنواع الطماطم المعروفة باحمرارها ليست مثل الطماطم الأوروبية و تونس معروفة باقدم و أحسن أنواع القمح الصلب و الشعير و زيتون معروفة به تونس من ارفع و أقدم زيتون و كانت تسمى في عهد الرومان مطمور روما... مع كل احترامنا للجيران لكن المطبخ التونسي يدرس فالعالم...,Happiness
204,إن شاء الله لباس هذا موش علم تونس 🇹🇷. هذا هو العلم التونسي 🇹🇳,Happiness
205,🇹🇳🇹🇳🇹🇳🇹🇳🇹🇳🇹🇳🇹🇳🇹🇳 موش 🇹🇷🇹🇷🇹🇷🇹🇷🇹🇷🇹🇷,Happiness
206,هذا موش علم تونس 🇹🇷 😂 🇹🇳 هذا هو علمنا,Happiness
207,ينفع ولا ماينفع المهم عندهم ناس متعلمة وقمة في العلم والخلق ماهمش كيفك فجعاتك بطنك 🇹🇳🇱🇾,Happiness
208,أنا تونسي . و نقلك عندك الحق😅,Happiness
209,تونس 🇹🇳 مفها شي حلو 😂اصلا 😢مع احترامي للتونس😅,Happiness
210,ان شاء الله مبروك عليكم الطهور و الحمد الله علي الدين الاسلام,Happiness
211,ماشاء الله ❤ عجبتني كي فسرت علاش محبيتش الماتشا بالتوفيق,Happiness
212,الحمد الله يا ربي لباس علينا بربي يزي من البڤ...يزيو من المقارنات بجاه إلي خلقكم,Happiness
213,الله يبارك تحيا الجزائر و شعب الجزائر في ضل الوحدة الوطنية المجد و الخلود لشهداءنا الأبرار.,Happiness
214,جلسي ف بلادك علاش داخلة تونس 😂😂😂,Happiness
215,حاجة مما فهمتش كيفاش الوجهة المفضلة لي الجزاىرين يروحو التونس,Happiness
216,تحيا تونس تاريخ و الحاضر و المستقبل قاهرة الجرذان كي هيا غاليا و ماهيش عاجبتك تونس علاش جايا شدو بلادكم معادش تجيو مرخصكم تجيو لتونس تزاحمونا في مستشفياتنا و فنادقنا و مبعد تسبونا خليك في حوشكم احسن سياحة للاجانب أفضل من مليون عربي ناتن عايشين بالصرف متاع منحة بطالة و الفقر و تحل في كشختك علي اسيادكم مشكل في ديناركم رخيص كيفكم,Happiness
217,الله يبارك عندهم وحد القبول,Happiness
218,تونس ياتونس... علاش نحبكم؟,Happiness
219,المحير والذي أمقته اتسعمال الجزائريين الفاظ فرنسية رغم أن العربية لها ميزة نزل بها القرآان والأخت ما شاء الله لباس محتشم للغاية معذرة.,Happiness
220,دراهمنا طايحين ختي ماشي الأسعار في تونس غالية,Happiness
221,في تونس مفماش زواولة كيفكم,Happiness
"222,""عواصم العالم الكل غالية لأن المعشية غالية واي انسان يختار العاصمة يعرف علاش قادم والاغلبية لباس عليهم ،والزوالي أختار ،انا لا اقبل الإهانة بتونس وتبقى احسن دولة في الدول العربية وفي العالم ❤"",Happiness"
223,شفت البغض لي في ليكومنتار من التوانسة وللاسف كنت في تونس منذ 3 ايام وبغضهم بدا علينا ملجدود وروح وشفت الزوالي التونسي يخرج في خيرات بلادي قدام عينينا عايشين من خير بلادنا ويعايرو فينا طيرو لسما ماتلحقوش حتى تراب الارض لي يمشي عليها الجزائري كيفكم كيف الجوارين لخرين حقوديين كثر خير دزاير لي راها حالة الحدود تاكلو منها الخبز وتعمرو في ليسونس والمازوت كلش شفته بعيني الغاز هو تالي ماعندكمش في دياركم جيعانين وطالابين وتعايرو في سيادكم,Happiness
224,الحمدالله هنا عايشين و لباس و الحمدلله,Happiness
225,من المفروض ما تهدرش تجيبولنا العين دراع فال ما شاء الله وخلاص التوانسة راهم عايشين معانا منا منهم,Happiness
226,ممكن متابعة الله يبارك فيكم خاوتي ♥️♥️♥️,Happiness
227,الزيت تع تونس وتعنا مشي كفكف لهذا السبب فهو باهظ الثمن حتى الاشياء لذكرتهم ماشي كفكف,Happiness
228,شروط اللباس الشرعي للمرأة المسلمة 1- استيعاب جميع البدن إلا ما استثني. 2- أن لا يكون الثوب زينة في نفسه. 3- أن يكون صفيقاً لا يشف. 4- أن يكون فضفاضاً غير ضيق يصف.,Happiness
229,ما شاء الله ربي يحفظكم تهبلو كلام موزون و تواضع و ثقة بالنفس و افتخار ببلد الشهداء الجزائر,Happiness
230,كيفاش تونس ولاية جزائريه,Happiness
"231,""ما هذا اللباس الأفغاني، جاو من أفغانستان 🇦🇫؟"",Happiness"
232,كنتم ديمه الجزائريين اقوى بلاد في العالم ودائما انتم ما فماش كيفكم رحمه ربي اقوى شعب في العالم,Happiness
233,بالتوفيق للجميع🇩🇿🇹🇳😍,Happiness
234,❤❤❤ شبات تقول قمرات الله يبارك 🇩🇿🇩🇿🇩🇿,Happiness
235,والله عيشين ولباس لكن فما نا س مالفا بالتسول من الصغر سلالة في عايلتتهم او بل احر في اصولهم,Happiness
236,ما شاء الله تبارك الرحمن على بنات الجزائر الحبيبة,Happiness
237,الله يبارك ❤❤,Happiness
238,بصح عندكم واحد الملفوف الله يبارك,Happiness
239,الله يبارك ساترين رواحهم,Happiness
240,المعيشة عندنا ولا عندهم كيف كيف حن حنا لمعيشة صعابت غير لي لباس عليه لي راهو عايش,Happiness
241,علاه تضبحو علينا علاااه الله يبارك على بلادنا وصح عام لي فات كي دخلت للحدود بكيت,Happiness
242,انت. علاه. رايحة لتونس,Happiness
243,عنددك الحق انا رحت هربت تحيا الجزائر كلش غالي في تونس ارجهت روحت وهرن ما شاء الله المطاعم ما شاء الله رغم اني اعيش في الغربة تحيا الجزائر بلاد الخير,Happiness
244,بلاهي تعيش في بلاد الفقر كيفنا كيفكم وجاية تفشلم تي بري فلوسكم ودراهمكم صفر ماتجي شيء طايحين مايسواو فرنك ودينارنا طالع يا ذكية وعايشين والحمد الله ببركة ربي وخير بلادنا,Happiness
245,وخيتي ايجي مرحبا اما ماتحكيش في حاجات وانتي ماكش فاهمة شيء تحب تتكلم وكهو راو الفلوس الي تجي بيها ماتعملك شيء prsq الدينار الجزائري طايح دينار جزائري يجي 200 فرنك تونسيه. وخاصة الي كيفك تجي ب100 د تونسية نقظي بيها انا في نهار وانتي تحب تشري الحلو وتحوس في سيدي بوسعيد وتسكن شويا logique يعيشك ويزي من التبهليل والهزان والنفظان قتلو الياغرت غالي كان قلت لحم نقلك عادي حتى في الجزائر غالي cn كل شيء عادي غير الناس الي مايحمدوش ربي ديما يتشفعوا ومايعجبهم لعجب كيفك سيادتك,Happiness
246,المساولين التونسا حشمتهم على أرواحهم 😢هذا كان حسو😅,Happiness
247,الناس الذين خرجوا يطبلون للانقلاب هم سبب هذا البلاء منذ الانقلاب و المواطن التونسي يعصر و يطحن كل يوم و مبروك للذين فرحوا للدكتاتورية عاش الدكتاتور و تونس بدون ديكتاتور ليست تونس,Happiness
248,لباس علينا الحمد لله اش خلاك تجي سبعة مرات,Happiness
249,بلاد كان عهد بن علي لباس علينا مشاء بن علي جات السراق والخونة والمتخذلين والكذب,Happiness
250,مدام هكذا علاه رايحة لتونس 🤔,Happiness
"251,""وين عندها بش تمشي ، كل عام عندهم منحة من التبون تقريبا 100dt , وين بش تمشي؟؟ الى المغرب في الحدود تضربها ريحة دوخ متنجمش تدخل ، الى النجير او مالي الدنيا سخونة مسكينا تروح مقليا ، ليبيا فيها جهاد النكح برشا ، و من فوق فما كان بحر ، تبقالك كان تونس ، الورلا ، تجي لتونس ( تكل الغلة و تسب الملأ )"",Happiness"
252,الحمد الله تونس جتنا ازمه كي عالم لكل والحمدالله عنا رخيص وعنا متوسط وعنا غالي نشربو في حليب وياغورط ولباس,Happiness
253,أنت ماشية جاية على تونس علاه؟؟؟,Happiness
254,شنوا تونس ولاية تونس دولة تختلف كل شي حتى دزاير غالية تقارن فلوس تونس ودزاير هذاك علاش جاتك غالية برشا اما بنسبة تونسي لباس حمد الله نشرو ونسهرو وناكلو ونمشو كل مكان,Happiness
255,ما أجمل ابنتها تبارك الله ما شاء الله ❤,Happiness
256,عندي صحابي في تونس قالولي لي ماعندوش يموت,Happiness
257,اخر زيارة لتونس كانت 2008 كانت مليحة وفيها الامان درك الله اعلم يقولو غالية بكري كانت الله يبارك,Happiness
258,الدينار الجزاءري راه يعيشك غي فبلادك قيمتوا طايحة 😂😂😂,Happiness
259,😂كي الجزائر كي تونس كي المغرب كل كيفكيف كل إفريقيا و مسلمين حبسو من الفتنة,Happiness
260,واش فائدة الدينار التونسي و في بلادك ما يعيشكش نتوما قيمة الدينار عالية بسباب السياحة و توافد السياح اما انتم ما عندكمش مداخيل من العملة الصعبة من غيرها ما تنتجوا ما تصنعوا ما عندكم ثروات انتم بسباب ليبيا و الجزائر اللي بلادكم مزالها واقفة,Happiness
261,الجزائرى يمشى اى دولة وينتقض رغم حالة الفقر والباس ويتعنصر ويحقد على الاخرين,Happiness
262,ما شاء الله عليها,Happiness
263,الله يبارك بنتها عندها عينين لايوجد كثير مثلها,Happiness
264,ماشي كيفكيف باسكو الدولة الجزائرية عاملة سياسة دعم المواد الاستهلاكية لذالك هناك فرق شاسع,Happiness
265,سياحة فقراء سياحة مليون جايع شدو بلادكم مخيب مناضركم نهار و طولو تبكو و تشكو علينا ماهوش ذنبنا الي عملتكم طايحة و معندها حتى قيمة تونس اجوها عشرة ملاين سايح و لا واحد فيهم تشكى من غلاء معيشة الا انتم يا شعب طوابير حمدالله عايشين في خير و نعمة و منعانيوش من سوء تغذية كيفكم,Happiness
266,علاه تجو لتونس وتتشكاو من تونس شعب مريض,Happiness
267,زرت تونس ❤ جزيرة جربة .. انا والعائلة في الصيف اقسم بالله .. غير حطونا تاج👑_ فوق رؤوسهم_ ما شاء الله شعب تونس كي يعرفو بلي جزائري🇩🇿 👈حكومة 🇹🇳والشعب ربي يحفظكم ..🤲 رمضان على الابواب 🤲 مايجوزش الافطار بلا منتفرجو سكاتش توانسا 🇹🇳🫡💯💯💯🫡,Happiness
268,تونس بلاد الزوالي يعيشو ولباس بحذاقة النساء والقناعة ولباس,Happiness
269,ما أجمل و ما أحلى بنتها ما شاء الله ❤,Happiness
270,الله يبارك ربي يحفظكم ❤❤🇩🇿🇩🇿🇩🇿🇩🇿🇩🇿🇩🇿🌴🌴🌴,Happiness
271,صحيح كلامها ياسر غلا في تونس,Happiness
272,كيفاش قالت تونس ولاية جزائرية,Happiness
273,أحنا بلادنا تونس الحمد لله عايشين لباس علينا وناكلو الياغورت والڨاطو واللحم والحوت وراس أختي لباس أكبر دليل شوف المرشيات تلقاها مليانة بالتوانسة أمشي لكارفور تلقاها مليانة أدخل للمغارات اللباس تلقاها مليانة امشي للمطاعم تلقاها مليانة بالتوانسة وبصرفو والله .لباس علينا التوانسة لاكن أنتومة تشفوها غالية متقدروش تعيشو حكم دينار الجزائري طايح والدينار التونسي طالع تجيبو شكارة فلوس ورقتين بفلوس تونس 🇹🇳,Happiness
274,علا حسب سميك لي يخلصه كفكف تونس ودزير درهمهم كتر متعنا سبعة مرت بلك هما خير منا وهدي وبنتها رهم يضحكو علي تونسا هيا ورجلها دندو لي خلها تركولي معا بنتها يخدمو بن زوج لوكان جتي لباس عليك كول عام وين ركي مشي غير تونس يا لفقيرة,Happiness
"275,""اولادهم فكلاب د يبان عايشين،لباسشا عنباانا بكلش،،دخلها فراسك اوكلخ لواحد اوخر ميعرفش"",Happiness"
276,لالا يا ختي راكي تبدلي الدينار التونسي بلجزاءري ...لأنو دراهمهم غاليين علا دراهمنا يعني لازم تحسبي بالنسبة لسميك تعهم ماشي للدينار تاعنا ...تبانلي راكي غالطة كفاش راكي تحسبي نضن انو المستوى المعيشي حنا والتوانسا قريب كيفكيف,Happiness
277,مرحبًا بيك اختي و عندك الحق والله تونس غلات برشا,Happiness
278,فهمينا علاش راكي تروحي لتونس,Happiness
279,كيف ما كان يعيش الشعب الجزاءري في الثمانينات احنا نعيشوا توا في تونس,Happiness
280,و كيفاش تقول هذه السيدة ولاية تاعنا تونس 😂,Happiness
281,حوار رائع ما شاء الله تبارك الله,Happiness
282,نعمبلي اختها الله يبارك.الله.مشاء.الله.ربي.يحفظهلك.بنتك.❤,Happiness
283,في تونس كلشي غالي بزاف في الجزائر عندك لفلوس او ماكين والو الكحط الله يحفظ,Happiness
284,اي بالحق تونس غالية برشا من ناحية غذاءية خاصة نصرفو اكثر من شهرية حاجة وحيدة سمحة في تونس الي عندنا دينار مازال يقضي على غرار بلدان اخرى غلاء معيشي برشا,Happiness
285,الحمد لله ربي معانا وعايشين لباس..,Happiness
286,البنت صغيرة شابة 👍الله يبارك,Happiness
287,الأسعار غلات برشا في تونس عندها الحق المرأة كلامها صحيح و ربي يوفقها,Happiness
288,صحيح كلامها ياسر غلا في تونس,Happiness
289,عندي مدامتي تونسية تظل تقلي ارواح تونس ونتهلا فيك قلتها محال نجي ما فيها والو😂😂,Happiness
290,حنى احنا نبوس ارض تونس يا جزاؤرية تونس بخير والحمد لله لباس وبخير احنا ما عناس بطرول ولا غاز لكن عايشين بخير زالحمد لله,Happiness
291,عايشين والحمد لله لباس علينا انتم فقراء بلاد البترول وعايشين في الطوابير,Happiness
292,غالية اقعدي في بلادك وحوسي فيها الله يبارك راهي قارة من الشرق للغرب ومن الشمال للجنوب. كون جيت انا بلاصة غالية ما انروحش ليها.,Happiness
293,هذال علاش ماشين جايين علي تونس,Happiness
294,تونس مزيانة وباهية برشا برشا تحياتي من الجزائر نحبوكم بزاااف بزاااف❤❤❤,Happiness
295,🇹🇳🇸🇦🌹🫶عيدكم مــبـارڪ🫶🌹🇸🇦🇹🇳 احفاد الصحابه المرابطين والموحدين قلوب الرجال وعزة الاسلام اخواننا بتونس الحبيبه اهلنا رجال الصمود والنخوة والشهامة 🫶🇹🇳🇸🇦🇹🇳🇸🇦🇹🇳🇸🇦🇹🇳🇸🇦🫶العزة للّٰه ثم رجال الاسلام والعروبه اهلنا اخواننا التوانسه ايه نعم اي وربّٰ الكعبه يشهداللّٰه انتم رجال الصمود وغيرة وحمية الاسلام يعيشكم تحيا تونس والجزائر وليبيا دمار لدول الكفر وعزة لنا وغزة والمسلمين🇸🇦🫶🫶حبكم بقلوبنا اللّٰه اكبر اللّٰه اكبر اللّٰه اكبر لااله الااللّٰه اللّٰه اكبر اللّٰه اكبر وللّٰه الحمد,Happiness
296,ما شاء الله تلك الحي أغلى من ميزانية الجزائر المنكوبة التي تعاني من الطوابير و الجوع و الاحياء المهمشة القصدرية الهشة 😮,Happiness
297,مرا و فحلة بألف راجل 😍😍 تحية كبيرة ليك ربي يعطيك الصحة والعافية و يفرحك بالأولاد ❤❤,Happiness
298,مساكن بنات تونس كل وحدة تعرضني تقلي ما عندي والي كان جهاز المخابرات و الشرطة,Happiness
299,ما شاء الله فتاة رائعة تحياتنا من الجزائر ❤,Happiness
300,بالتوفيق والنجاح 🎉,Happiness
301,أفتخر.بالنساء.اللي.كيفك.خفيف.الروح😊,Happiness
302,ما شاء الله ملكة جمال,Happiness
303,الله يبارك على الجزائر ناس متربيا يشوفوك في لعريا يستروك راكي جدعتي يليقلك الحجاب كلا مترجعيش اقعدي تماك في تونس متسوايهاش الجزائر ياخا حالا يخا مهبول 😂❤,Happiness
304,قالت انا جزائرية ومن بسكرة 😂😂😂 وتقول برشا ههه سكان بسكرة ما يقولوش برشا هذي تونسية,Happiness
305,1 2 3 viva l'algerie تحيا الجزائر حتى واحد ما راه يهرب من الجزائر عيب عليك عيب عليك هدي بلادك اللي مات عليها مليون ونصف مليون شهيد الجزائر هي اللي ما تتشرف بوحدة كيفك ڨالك اللي ما عرفك خسرك الله يهديك يا بنتي كاين اللي يحوس على السترة والحيا واحد يحوس على لعرا والحرية الله يهدينا الله يهدينا,Happiness
306,هدي مشي جزائرية لهجتها تونسية,Happiness
307,الحرية في اللباس في تونس مايشوفوش فيك وربي مايشوفش فيك لاحول ولا قوة الا بالله,Happiness
308,صحفية تونسية تعرف بسكرة في الجنوب الله يبااارك😮,Happiness
309,الحمد لله كي حبيتي تتعراي غير بلد الجزاءر لان الجزاءر نساءها وبناتها محترمات يحبون تربية بناتهم للسترة والحياء ملي كنا صغار متربيين على السترة ليس بالحجاب انما اللباس المستور وكي عندي واحد وعشرين عام تحجبت وحدي الحمد لله بالعكس العاءلة فرحانة بيا ربي يهدي الاولياء يربيو على السترة مليحة في كل بلد,Happiness
310,تروح لتونس باش تتعرى مبروك على بوها و خاوتها و امها .,Happiness
311,هادي تهدر تونسي ماهيش جزائرية,Happiness
312,هادي تونسية ماشي جزائرية تعرفها من اللهجة,Happiness
313,هاذي تونسية بسكرة ميهدروش هكا,Happiness
314,طفلة الله يبارك بصح عندها طواليط في بلاصت الفم 🎉 💩,Happiness
315,5:43 صغيره للاسف ربي يهدي ابويها للباس الشرعي والمسوليه امام الله والعقوبه في الدنيا والاخره اذا لم يستدرك الامر,Happiness
316,رانا نحاربو في لباس التحرر و ما منعناش من الخيانة و القتل و الزنا ...ربي يهديك مزالك صغيرة و مشك مربية ع أسس باينة نهار تكبري تندمي ع هادي الهدرة,Happiness
317,ايتها الام هاذي نتيجت تربيتك في حريتها في اللباس العريان. ولم تربها على الستر. والحشمة... فأصبحتت حتى تريد ان يتزوج عليكي زوجك ايتها الام,Happiness
"318,""سما هوما ثما ماعندهم رجال ،البسي أيما الحنانة العربان منهو شادك،حنا نغيرو على بناتنا،بصح الظاهر رجالتكم ولاو كي جماعة كخة 😂😂😂 كي شغل مدولك ڨراد كي قلتي هكا ،بصحتك التشويهة مدايرينكم مضحكة برك،ربي امر بغض البصر،وامر باللباس السترة،وربي كي غضب على ابونا ادم،وامنا حواء ،كشفهم ربي ،يعني ماتفرحيش،اذا ربي خلاك تتعراي معناها راهو غاضب عليه ،فوجدي روحك ولا توبي ليه. او ربي سبحانو ماخلقناش باه نتعراو ونديرولو المعاصي في أرضو راهو خلقنا باه نكون مصلحين،ولو فسدوا الناس كامل."",Happiness"
319,مستحيل تكون من بسكرة ناسها وجوهم مش صحاح كيفك و مشمه تع فضايح ما تحشميش برك من لخر,Happiness
320,مشي بسكرية تونسية,Happiness
321,على قد ما ينقصو هاذ الأشكال من البلاد على قد ما تنظاف يا مالا بالتوفيق ليك و لأمثالك هجو و خلونا نعيشو كمسلمين,Happiness
322,الجزائر نظيفة عليك والجزيريين ميبزنسوش وحدة كيفك قلت التربيية,Happiness
323,الكل هاربين من دزاير 😂اصلا بلادي ميشرفهاش تعيش فيها وحدة كيفك,Happiness
324,اصلا ماتشرفناش وحد كيفك مكشوفة الله يذلكم,Happiness
325,ازوجي نت بتونسي علاه حتى تزوجي باباك يالملعونه,Happiness
326,هاذي وخساني مع المروك كيفكيف,Happiness
327,الجزائر ما تتشرف بوحدة كيفك بلد العز والسترة والكرامة,Happiness
328,علاه حتى يزوج باباك بتونسية ازوجي نت بتونسي,Happiness
329,عندها صاحبي تونسي عادي حابة تبقى ثمة😊,Happiness
330,متبرية منك دزاير و ملي كيفك تافهة وعقل بغلة وتزيد تكذب على بلادها دزيرية مايخطفوش لي كيفك,Happiness
331,الجزائر ماتسحقش اللي كيفك,Happiness
332,لي باغي يخرج طريق مايخرجوش في الجزائر يروح للخارج ويخرج طريق حنا ماناش زريبة راهم وراك في تونس متحجبين ومستورين روحي شوفي خارج أفريقيا مثلا فرنسا موسخة كيفك روحي,Happiness
333,حتى هيا مجنونة كيفك سارة مدام تبعاتك😮😮😢😢😢,Happiness
334,ابنتي رانا هاربين من ناس لي كيفك انت,Happiness
335,اذا فرطتي حتى في امك على لباس العريان على الدنيا السلام,Happiness
336,هاذي تونسية تخدم مع هاذ البرنامج مرتين بانت معاهم حكات قصص خلاف مرة لابسة لباس شرعي و مرة حجاب كل مرة تبدل اللوك لكن عرفتها من الصوت 😂😂😂,Happiness
337,حنا بلاد الحرمة ونيف حنا ايماننا قوي ونعرف ربي خطراه ربي في تونس مكانش اتقو الله يابشر غدوا كتقابلي ربي قلو تونس اكثر من الجزائر رانا كامل راييحن لشبر من تراب لا حولا ولا قوة بالله حتى الجزاىر متفتخرش بعباد كيفك مني ننعلك لازمك تربية,Happiness
338,شكون يخطف ربي يهديك مخلوعة في روحك ...يدورو بيك غير لحبوا يلعبو والمزبلة ... كاين لي لابسين كيفك وكثر منك بصح اغلبيتنا محترمات ومحتشمات ...وانت خيرتِ تونس وفرنسا خيرتي ليشبهوك ويمثلوك .,Happiness
339,قاتلها لحرية في لباس وكون غير تزوز أتعراي وشراه حاكمك بخصتي بروحك يابنتي...لمزيا ماتمثليناش حتى دزاير ميش ميتا عليك تفوووه,Happiness
340,أنا تونسية و نسافر للجزائر و حتى مرة ما راجل جزائري هز فيا عينو متربين ما شاء الله عليهم ❤,Happiness
341,وجه الشر هذي الطفلة وشكون هذي المهمة المقرقطة مشتاقة شبعة حابة الطلقة حتى الجزائر ما تحبش لعباد لكيفك من صغرك تحبي الطلقة يعطيك لعمى يعميك ولات جزائري عندك مش مليحة والديك ما رباوكش وجه الشر كون تروحي من لبلاد جزائر نتهنى منك ومن ليكيفك حابة تتعراي,Happiness
"342,""شكون يتحرش بوحدة كيفك🤦 بهلولة. مخلوعة، خرجت من دشرتها دارت لعجب. كون رحتي لأوربا و لا امريكا واش يصرا فيك😂😂😂. مسكينة. بهدلتي بوالديك و امك. تفوووه على تربيتك🤬 ادا تزوجتي، توقعي انو بنتك تقول لراجلك عاود الزواج، و حذاري ما تقبليش."",Happiness"
343,روحي لتونس الله لا يردك انت وامثالك الجزائر متتشرفش بامثالك عندنا الله يبارك بنات بلادنا مستورين ومتحجبين ومتديننين والحمد لله بلادنا مزالت محافظة اللهم ادمها نعمة واحفظها من الزوال,Happiness
"344,""عندها الحق ، الحريات الشخصية محترمة جدا في تونس (أنا زرتها) ، أما في الجزائر لما اخرج علما أني لست محجبة ولكن لباسي محتشم رغم ذلك ورغم أن عمري فوق 40 سنة ، اشعر ان كل الانضار على جسمي ,لكن الحمد لله لنا بيت جدي وجدتي في تيزي وزو حيث اجد راحتي هناك خاصة في طريقة اللباس"",Happiness"
345,احشمي شوية حتى في الجزائر لباس علينا الحمد لله,Happiness
346,بنتي شوفي طبيب تاع مهابل يداوي حوالك قلة التربية والأخلاق بذرة فاسدة اطفال الشيطان حابة تدخلي لرجال العاهرات والتعري و الحرية مبروك عليك جهنم,Happiness
347,ما شاء الله ما احلاها❤,Happiness
348,واضح عندها اصول تونسية,Happiness
349,تلبسي لباس المسلمات ربي يهديك,Happiness
350,لم تقل اي عبارة سيئة .. فلماذا التعليقات السلبية ... كل واحد حر في حياته ...هي تحب تونس وتحب الحرية في لباسها واحد ما يسالها,Happiness
351,والله لحوايج اللي عندنا في الجزائر حتى بلاد ما عندها من أوروبا يجوا يشروا عندنا قالتلك جوايج تونس خير من الجزائر نعلت الله عليك,Happiness
"352,""الملابس في الجزائر احسن والخيار كاين وارخس من تونس ،وهذي الطفلة بهلولة على روحها وماتمثلناش على خاطر اصلا تاع بسكرة مايهدروش تونسي ...هذي شخصيتها طمستها ودزاير ماتتشرفش بعباد كيفك ،روحي الله لا يردك ونعلبو الحرية للي كما تاع بنات تونس ."",Happiness"
353,هذي تؤكد ان الجزائر بلاد الرجال وبلاد النخوة والحشمة ويغيرو على بناتهم ونساهم مايخلوهمش يتعراو فالشارع والحمد لله على هذي النعمة حنا مسلمين وهذي لاتربية لا اخلاق لا زين لاحتى شيء وتهدر نورمال .مشي الله لا تربحك يلا انت جزايرية تحيا الجزائر ويحياو ولاد الجزاير والنساء لحراير اللي محتاشمين مشي كيفك وكيف امك وباباك اللي ماهم مربيين مارباوك,Happiness
"354,""سن المراهقة مأثر عليها وعقلها صغير بزاف وملي بدات وهي حريتي حرية اللباس هذا في واش راهي تفكر ، تفكيرها محدود ، إذا متعرفيش دينك الحجاب فرض عليك بما انك بالغة ، اللوم اولا على والديك وباينة أمك وأبوك هكذا ضد الحجاب ومع التحرر والجهل ، ربي يهدي والديك بيسك والله مرباوك تربية صالحة"",Happiness"
355,بكل صراحة انا جزائرية ونقول انو عندها الحق للاسف حنا فالجزائر منقدروش نلبسو لباس فاضح لانو فيها عقلية الافغان اغلب بنات الجزائر بالجلباب والنقاب والحجاب قليييل جدا تجد امراة فالجزاىر تلبس لباس فاضح وتبرز جمالها,Happiness
356,علمة معمر تونس وعاملين كوابير دخول يتسوقو عندنا وهى قالت لبسكم احسن راهم يتسوقومن عندنا يعنى يشرو من عندنا وزدتى انتى شريته منعندهم,Happiness
357,هذي مشي بسكرية تونسية اصلية.,Happiness
"358,""هذه فاسقة يعني ...راكم فاهمين 😅😅😅التونسية اجو يشرو كلش من الجزائر امبعد ايبيعوها اللي كيفكم ،،،تافهة الى المليون"",Happiness"
359,هذه امها تونسية على مااضن ماهيش جزائرية,Happiness
360,هذي غير شدوها عندكم في تونس مادام تحب اللباس الغير محتشم...وحسب لهحتها فهي تونسبة وليست جزائرية,Happiness
"361,""تبحثين عن العري يا أنانية ،أين حجابك يا من تبحث عن اللباس دون لبس ،ترتاح منك الجزائر الحرمية"",Happiness"
362,تجي لتونس تلبس عريان . ؟؟؟ عيب عيب ... اللباس المحترم لكل امراة. محترمة مسلمة. والاكل. العريان العريان يحط عليه. الذبان الذبان وعاش. من عرف قدره .,Happiness
363,علاه يتزوج باباك تزوجي انت بتونسي مش خير,Happiness
364,الجزائري الحر لا يهرب من بلاده ولا يحب فرنسا ولا يحب الفساد والفسق أنا جزائري نحيا في بلادي ونموت في بلادي ونكره فرنسا ونتقلق ونكره يوجعني قلبي كي نشوف إنسان ملصق علم فرنسا العدوة في سيارته أو يحمل محفطة أو يلبس لباس عليه علم فرنسا أو أمريكا الداعمة لإسرائيل لأنهم قتلت الشعب الفلسطيني اللهم انصر غزة العزة,Happiness
365,ياو روحي تقودي تونسيه و تقولها انا جزايريه. اسمعو سيناريو دوك تقوله مريضه بالجزاير. تونس فرغت تقولها عجبتني و هوما في زوج تونسيات توانسه كامل كدبين. اسمعو راهي تشمت في دزاير. امشي تقودي. جزايريه. لباسها مسطور. خبيتات روحي تقودي و هدي بديعه خبيته جيب تونسييات. وتقدمهوم جزايات,Happiness
366,لبساكرة مبروك عليكم العالمية,Happiness
367,كل من يتحدث عن الاخلاق ويرى انها في اللباس فهو جاهل كيما يقول المصري وراء كل السواهي دواهي ..الاخلاق اكبر من ذلك وليس في كيفية لباس خرقة,Happiness
"368,""من خلال اللباس و الكلام هده الفتاة يبدو أن أهلها مدلعينها بزاف،تتجرء وتقول إن في تونس تلبس كما تحب على العكس في الجزائر ،اي هراء هدا،عليك اخت وعلى اهلك أن يعودوا تربيتك من جديد،الجزائر لا تحتاج امثالك،تتجرأ وتقول إن المعيشة في تونس افضل من الجزائر ،عار عليك وعلى أهلك. ،"",Happiness"
369,تزوجيه تونسي باش تعيشي عريانة كل الباقي من حياتك خلي باباك ترونكيل يكفيه ما يعانيه منك من الأحسن أن تعيشي في تونس لا ترجعي للجزائر الجزائر ما تحتاجش وحدة كيفك إن شاء الله كل البنات لي كيفك يروحوا يعيشوا في تونس,Happiness
370,اللهجة ماهيش بسكرية...زوجوها بتونسي,Happiness
371,الله يبارك,Happiness
372,واش بيها هذي البنية عادت تهدر تونسي مسرح 😅😅😅 والبساكرة عندنا مش هكا,Happiness
373,ياواحد المنتنة حتة اللجمال والسر نتاع النساء ماعندكش يا جحشة زايد مدايرة سنسلة في سنيك الحمد لله تسعين في المائة من بنات الجزائر متحجبات ساترات اجسادهن الله يبارك فيهم,Happiness
374,دزاير يقعدو فيها غير رجال وبنات الفميلة وحدة كيفك انتي متشرفش دزاير ودزاير فوق روسنا وانتي وعائلتك متشرفوش دزاير ومتشرفوش ولاية بسكرة يا خامجة في عمرك سمانة ورايحة طيري في الجو,Happiness
375,رانا مناش نمشو عراية في الشارع كي المعيز فءىة معينة هاملة كيفك هذا اولا ثانيا في بلادك ولابسين ماعظم وعاملين القحب الكل مع السورين والصينين وغيرهم بلا ماتعلعبوها شريفات عندنا,Happiness
376,قاتلك الجزائر فيها تحرش أنا الأسبوع ماضي كنت في وهران في حي بلقايد فليل و نصف البنات لابسين لباس فاضح و الله يتجولون بحرية و لا أحد يتحرش بهم و لم أشاهد و لا عملية تحرش و جي هادي بنت كلبة تقول فالجزائر تلبس فاضح يخطفوك,Happiness
377,ما شاء الله عليها بنية صغيرة عاشقه الحياة ❤,Happiness
378,جزائريات نسكت خير .😅😅😅يعشقو حاجة اسمها تونسي و حقيقة ياسر سخان,Happiness
379,ربي يحفظك ويسترك بنيتي ومرحبا بيك في تونس راهي بلادكم وانتومة ما شاء الله عليكم .دزاير وتونس خاوة خاوة 🇹🇳❤️🇩🇿🙏🤲🤲🤲,Happiness
380,ملا ابقاي الثم القاي كاش تونسي ياخذ حتي الدزاير كبيرة عليك مش محتاجة وحدة كيفك الطيح في بلادها قدام البرنية وهي فرحانة بالروحها,Happiness
381,كيفاش تاكل ماكلة تونسية منغير هريسة,Happiness
382,أيا خويا كي تعرف عند شكون تاكل وقتها روح لتونس و قيم أكلها ماشي اللي يجي تاكل من عندو و بهدا تقول ماشي بنين أكل تونس معروف ببنتو,Happiness
"383,""عنابة في التاريخ كانت تونسية ، عنابة أخذت كل شي هلعن تونس اخي الكريم ، تونس قديمة برشا"",Happiness"
384,يا خنت من تونس ولا من الجزائر حبيت نفهم قصدي يا خنتان انت انت انت انت من الجزائر ولا من تونس حطوا لايك ربي يعيشكم,Happiness
385,وين هاذ لبلاصة في تونس,Happiness
386,لكن تجربتك في فريكاسي وشباتي تنقص شي وهو الأهم للمواطن تونسي هريسة …بدون هريسه ماهيش بنينة,Happiness
387,الله يبارك فيكم خوتنا في تونس نتوما ناس ملاح و نحبوكم و تحبونا خوت ديما خاوة خاوة ما نكذبش عليكم نحب توانسة كثر من المغاربة,Happiness
388,يعيشك مرحبا بيك خويا في تونس❤🇩🇿🇹🇳,Happiness
389,ههه انت. ما عندكم اكل يصلح اصلا احسن اكل الاكل التونسي انتو الحلويات عندكم حلوة,Happiness
390,معندكم شي كل شي مسروق من تونس والمغرب اكلكم,Happiness
391,الاكل تونسي مش طيب مشي حالك 😂,Happiness
392,بريك عنابي وتونسي مش كيفكيف,Happiness
393,البريك تونسي ١٠٠% وراو فما برشا اكلات اخذوها الدزيريه من تونس.,Happiness
"394,""لا أشاطرك الرأي أخي،أنا جزائري لكن الساندويتش التونسي لا يعلى عليه. لعلك تزور تونس لأول مرة و لم تزر عناوين جيدة.تهلى في روحك بالتوفيق أخي"",Happiness"
395,تحياتي لأهل تونس والله غير ناس ما شاء الله ✨ 🌹 🎀,Happiness
396,متربي الله يبارك ❤وعاقل ❤تحيا الجزائر🇩🇿😭❤,Happiness
397,الله يبارك الشبوبية والحطة والفحولية باينا تاع تزيري,Happiness
398,الله يبارك رجلا ونيف خموس على ولاد بلادي احبكم جزاءريه من القلب,Happiness
"399,""انا اطول منك 193 و روجي و بوقوص عليك بزاف, و جامي فكرت كيفك 😅 و الله غير داب كبير صح, بهدلنا ياربك"",Happiness"
400,أنا جزائري ولا أحمل معي الحقيبة أو الصاكوشة التي تدعي أنت أنها تميز الجزائري عن التونسي . كلامك تافه جدا وليس له أي معنى وأنصحك بالكلام عن نفسك وعن أمثالك فقط لأن هناك جزائريون متواضعون مثلي يحترمون تقاليد البلد الذي يستضيفهم و يملكون من العلم والثقافة ما يمنحهم الحب والاحترام والتقدير . الشخص يتم تقييمه بأخلاقه وتهذيبه ومستواه التعليمي والثقافي وليس بالمال واللباس والحقيبة التي كرهتني فيها بحديثك الفوضاوي . الله يهديك ويهدي من مثلك الذين يظنون أن مظهرهم المزيف يمنحهم مكانة أحسن من غيرهم .,Happiness
401,لوكان غيالمغاربة قاع ملاح كيما هاد المقدم الله يبارك وتحيا الجزائر 🇩🇿,Happiness
402,انا تونسي ايقول في الحقيقيقه برافو عليك راجل الصراح راح شكرا للجزاءر وتعيش الجزاءر وانا اعيش في إيطاليا كلنا معاه راجل بصح,Happiness
403,والله غيرت نظرتي للمغاربة الله يبارك فيك خويا وانا من اليوم االمغاربة والجزائريين خاوة خاوةخاوة,Happiness
404,الله يبارك على الجزاءري الرجلة والنيف,Happiness
405,انا قبايلية من تيزي وزو نقول الله يبارك على خويا وليد بلادي شحال يعرف يهدر . مثقف أثيحرز ربي,Happiness
406,مستوى متخلف حتى في بلاد الناس ينتقد و يطلق أحكام على المرأة و لباسها مكبوتين اينما ذهبو اطلقو تخلفهم و رجعيتهم,Happiness
407,الله يبارك على وليد البلادي ثقافة وتربية ماشاء الله,Happiness
408,الله يبارك خويا المغربي تربية وظرافة ونظافة و هدرة بالفووور❤❤❤ تحية من خوك جزايري❤❤❤,Happiness
409,الله يبارك خويا,Happiness
410,انت المغربي ما شاء الله عليك والله,Happiness
411,انا جزاىءري ونقولك الانسان لايقدر بالمظهر واللباس والساكوشة التي يتكلم عنها هذا الشخص !؟ بل الانسان يقدر بالتربية والاخلاق والشهامة والتواضع وحسن المعاملة . احترم كل البشر مهما كانت صفاتهم والوانهم ولا داعي لانتقاذ عادات الشعوب الاخرى خاصة تلك التي تستضيفك . احترم نفسك وغيرك يحترموك .,Happiness
412,الله يبارك اعليك تحية ليك من الجزائر من القبائل الكبرى,Happiness
413,الله يبارك عليه وراني حبيتك يا مغربي❤❤❤,Happiness
414,وليد بلادي رجلة و فحل الله يبارك ربي يرزقني بلي كيفك,Happiness
415,تحيا ليك والله حبيت لمغرب منك ومن الناس لحلوه كيفك انا من الجزائر تحياتي,Happiness
416,الله يبارك واش لبنات راكم كيفي عجبكم صاحب القناه 😅😅😅😂😂😂,Happiness
417,حتى أنت المغربي ما شاء الله عليك,Happiness
418,ماشاء الله شاب رزين وكلامو موزون الله يبارك جزاءري وافحل,Happiness
419,ثقافة مختلفة تماما لباس او اكل او موسئقي لهذا لا نتشابه في حزاير راها قارة يعني وحدتنا فئ حزائر لااكن اهتلاف ثقافات فئ بلادنا هو ما جعل بلاد متنوعة ثقافة ❤نحب نموت بلاظي ثاني علي تونس من حمامات لصفاقص و سوسة و چرپة بطاح قابس و باجة تونس عاصمة زرتها كامل مشڤتش ائ شي في تونس تخس انك من پلاد ڜقئقة تحس انك فئ بلادك ثانية ❤ تونس و جزاير ربي يخلينا لبعض,Happiness
420,مشاء الله نور على نور مربي صريح وليد بلادى حتى المغربي و التونسية كانو في المستوى الله يبارك,Happiness
421,اول مره نشوف مغربي متربي ما شاء الله على اخلاقك,Happiness
422,الله يبارك خويا تهدر مشاء الله وربي يحفظك ان شاء الله,Happiness
423,بسم الله ما شاء الله قناة رائعة و صاحبها أروع من حيث الظرافة او التربية حفظك الرحمن بحفظه بالتوفيق إن شاء الله 👍🏻👌🏻,Happiness
424,الله يعطيك الصحة يا ولدي تحيا الجزاءر,Happiness
425,هذا الدزيري حر وصريح 😂 الله يعطيك الصحه والعافيه خويا ما شاء الله عليك هذو هما اولاد الجزائر هذو هما الرجال 💪 تحيا اولاد بلادي الله يسترهم من العين والحسد الحاسدين والحاقدين ؟؟ يكفينا شرهم وشر اعمالهم وامثالهم يارب وتحيا حنا ❤❤❤ جزائريه وافتخر ببلدي الجزائر الحبيبة ديما تاج فوق راسنا وبشهداءنا الابرار الاحرار رحمهم الله وأسكنهم جنة الفردوس الأعلى One two three viva l'Algérie 🇩🇿🇩🇿🇩🇿🇩🇿🇩🇿🇩🇿🇩🇿🇩🇿,Happiness
426,في الجزائر كل ولاية عندها عادات و تقاليد في اللباس الأكل الزواج كل شيء ربي يحفظ جميع أولاد و بنات المغرب العربي,Happiness
427,أحسن حاجة في الفيديو هو صاحب القناة الله يبارك فيك راجل بمعنى الكلمة ربي يحفظك ويكثر من امثالك وتحية لكل المغاربة الاحرار,Happiness
428,أول مرة انشوف قناتك عجبتني التربية ومغربي حر الله يبارك ربي يحفظكم خاوتنا لمغاربة,Happiness
429,كلامو صحيح ماشي كفكف الالعقلية بين الجزائر وتونس,Happiness
430,الله يبارك فيك انسان خلوق,Happiness
431,الجزائر قارة يا اخي تعدد اللهجات و الاكلات و اللباس الخ,Happiness
432,عندو الحق رحت التونس وشفت كلشي صحيح والجزاءرية في تونس تاخد راحتها فاللباس بصح كي تلحق للحدود الجزائرية تتبدل اللبسا 90درجة,Happiness
"433,""كلامه صحيح،لأنهم سرقوا كل شيء من بلدان الجوار،من فن وتقافة وتراث،إذا دهبتم إلى الشرق الشمالي الجزائري سوف تجدون اللهجة التونسية والأكل واللباس والتقاليد تونسية وإذا دهبتم إلى الجنوب الشرقي الجزائري فسوف تجدون اللهجة الليبية والأكل ليبي واللباس ليبي وحتى التقاليد والعادات ليبية ونفس الشيء في الغرب الجزائري كل شيء مغربي،الأكل واللباس واللهجة التقافة كل شيء مغربي وحتى الغناء والطقوس مغربية،الشيء الوحيد الذي ورثوه من أمهم فرنسا هو اللغة الفرنسية"",Happiness"
434,انا جزائرية وكنت مانحبش المغاربة غير ايوب ورضا وادريس مي كي شفت هدا المتربي الله يبارك وليت نحب المغاربة ومن دوكا حانولي نتبعك دايما,Happiness
435,السلام عليكم ورحمة الله وبركاته يا أخي بارك الله فيك ممكن كم من رجل يرى صور تلك المرأة المتبرجة و يفتن إمحها بارك الله فيك لعله تكون لك سيئة جارية كل مرة رجل يراها ... الله يوفقك يا أخي🎀,Happiness
436,صاخب القتلة متربي الله يبارك عليه ❤,Happiness
437,هذا المغربي مول القناة ما شاء الله عليه يرحم الي ربوه تحياتي من الجزائر,Happiness
438,الشعب الجزائري و التونسي والمغربي لهم ميزات غير عادية الله يبارك علينا ويحفظنا من العين,Happiness
439,لكم منى الف تحية ومليون سلام ياصاحب القناة إن شاء الله يكونوا كيفك اخواننا المغاربة احنا من زمان إخوة,Happiness
440,بارك ألله فيك بالتوفيق إبني❤الجزائر 🇩🇿,Happiness
441,ما شاء الله هذا الشاب المغربي طيب وخلوق الله ابارك,Happiness
442,كيفكم انتم دزيريا اامڨملين كلكم جبورا حشا لي ميستهلش,Happiness
443,الله يبارك على ولدنا😂😂,Happiness
444,شكرا لك على هاذ الفيديو فالقيمة وبالتوفيق,Happiness
445,بسم الله...اول مرة أرى شاب صاحب القنات متربي ما شاء الله اتمنا ان يكون اخوانا المغاربة ان يكونوا مثلك . ساتبعك من الجزاير سلامي الحار لك و اذا كانوا أمثالك فلهم الف سلام ..تحياتي ..ابن الشهيد القلم المسموم الجزايرى..❤,Happiness
446,الله يبارك عليك خويا عندك الزين يهبل ❤,Happiness
447,انا نقلك اللحية هيا لافرق بين التونسي والجزاير,Happiness
448,احلى لايك من جزايرية بالتوفيق,Happiness
"449,""انت شخص طيب، ماشاء الله خويا تستاهل كل الدعم والتشجيع، بالتوفيق 😊❤من الجزائر"",Happiness"
450,انا مرا وندير الساكوشة وندخلها لداخل كي نخرج من الجزائر اختي نخاف على الباسبور,Happiness
451,ملا علاش هاربين لتونس 😂😂😂تكذب راهي 🤣🤣🤣,Happiness
452,ما شاء الله تبارك الله,Happiness
453,محلاه بازولك حلو برشا بالتونسي❤,Happiness
454,وين,Happiness
455,وين,Happiness
456,لي يشحد مصاري أشرف منك ومن اللباس ألي أنتي لبساه حسب ضني,Happiness
457,انو اوروبا و اني امريكا و اني تونس... تعيش لوطنيه لعندك اختي لعزيزه كل وحد عندو لوطنيه كيفك بش يقول بلادو احسن مليوم مره من الكرة لارضيه 😅ربي يحميكم خوتنا السورين و يحفض سوريا نحبكم برشا ❤❤,Happiness
458,تونس ترحب بجميع السوريين الأوضاعهم طيبة و المحتاجين .. إلي مرت بيه سوريا من حروب و أزمات ماهوش شوي .. أحنا التوانسا نقدر الضروف و نساندو جميع أخوتنا من كل البلدان الإسلامية و هذا واجبنا.. الحمد لله الآن سوريا في وضع جديد و متفائلين انو سوريا ترجع أحسن من قبل .. بالتوفيق,Happiness
"459,""اعلام المجاري مايحيب كان حثالة المجتمع ، خسارتك ياتونس"",Happiness"
460,ما شاء الله متابع من الجزائر ❤,Happiness
461,ما شاء الله❤,Happiness
462,ماشاء الله الله يبارك,Happiness
463,بسم الله وما شاء الله,Happiness
464,وين,Happiness
465,نتامتربي كيماهاك مشي تونس لكل جبري ❤حيوان❤,Happiness
466,كنت فيها ما شاء الله .,Happiness
467,ربي يحفظ تونس بلد وشعب شعبها مضياف الله يبارك جيت العام الي فات ناس ماشاء الله من الجارة الجزائر 🇩🇿🇩🇿🇩🇿🇩🇿 الشكر والعرفان الي الشعب التونسي 🇹🇳🇹🇳🇹🇳 حفظكم الله وسدد خطاكم,Happiness
"468,""كيف تقرن إعفاء الشعب من شراء الأضحية و افطار رمضان ، اول حاجة هو لم يلغي شعائر العيد بل أعفى شعبه من الأضحية هدا العام للظروف الجوية وعدم توفير العدد الكافي من الأضحيات لكافة الشعب ، والشعب فرحان وهيروح يصلي ويحتفل بعيد الاضحى عادي جدا ، مرة ثانية خليك في بلدك وملكش دعوة بالحجات دي"",Happiness"
"469,""سيب تونس و بورقيبة يعيشك ،و ما تنساش المفتي متاع الازهر حلل على الهواء لعب promosport يعني افتى في القمار بدون سبب .."",Happiness"
470,هاد وين في تونس,Happiness
471,طفتر بخل كيفك كبير في عمرك تفطر مكش حاجم من روحك و دز في بدنك فيق على وضعك ياراجل,Happiness
472,مبروك مبروك رجال و نص ترتد,Happiness
473,تونس يمكن مراضعين مع ابو لهب..عيطو لسفير ديالنا اخوي من.ديك البلاد وقطعو العلاقات..راهم ايهود فلباس عرب,Happiness
474,لا يمثلون تونس ودليل انو لي يذكر فيهم بتوبة تونسي الله يبارك فيه,Happiness
475,يا خاوتي انا عايشة في تونس و الله يصومو كي احنا و صلاة التراويخ نسا و رجال و حتى صغار التهجد و النسا موجودين حتى صلاة الجمعة نسا و بنات و رجال ما شاء الله عليهم الي يفطر رمضان موجود في كل دولة لكن كاين لي متخبي و كاين لي يجهر و ربي موجود على الكل اتقو الله في انفسكم,Happiness
"476,""و بعدين ؟ أحنا في تونس ماناش مجتمع قبيلة كيفكم ، فمّا الّي يصوم و فما الي مايصومش بلاش نفاق مجتمعي كيف لي عندكم في دولكم. فينا المسلم و فينا غير المسلم و عندنا حرّية الضمير منصوص علاها في دستورنا. انا شخصيا لست مسلم و أفطر رمضان لانه لا يعني لي شيء، اصدقائي مسلمين يصوموا عادي و عايشين مع بعضنا بالباهي. في تونس تحب تصوم انت حر ، تحب تفطر انت حر و الكلها مجبورة بإحترام غيرها حسب القانون و دستورنا المدني."",Happiness"
477,قولو لهم برافو عليك لاتصومو احسن والي صام ماشي راجل خلوهم تاكلهم النار يستاهلو مالهم صغار او جاهلين او قاصرين كل واحد قد الحمار يستاهلون جهنم اقول لكم فطرو الصوم يتعبكم 😏😏😏,Happiness
478,انا نفطر رمضان و أنا حر و أفتخر انني في تونس لأن بلد يحترم بقية معتقدات ...أنا ملحد تفرض عليا الصيام مو لباس ؟ انت صيم علي روحك و انا نفطر و حر ...إحترم معتقدات أخري تحترم ...,Happiness
479,برافو عليك يا حر بارك الله فيك,Happiness
480,تونس تشبه برشا لليونان,Happiness
481,ما شاء الله على تونس وخيرات تونس انت بتذكرني باماكن واوقات كانت كتير حلوة عشتها بتونس شارع الحبيب بورقيبة والمارشي سنترال والسوق العربي كل هالاماكن زرتها قبل الكورونا شكراً الك,Happiness
482,إسمها الجمعية التونسية للسياحة موش للسيّارات,Happiness
483,روحك خفيفة وعفوية لذلك نجحت بالتوفيق,Happiness
484,ويثبت التونسي دائما انه ملك الللباقة تبارك الله على حذاقتنا و تربيتنا و كلامنا الحلو ان شاء الله رمضانك مبروك انت وكل متابعينك,Happiness
"485,""في الدنيا نحسك حاجة أخرى ،حشام مع التونسيات"",Happiness"
486,رمضانك مبروك وربي معاك,Happiness
487,والله احسن برشا من المسلسلات بالتوفيق my freind,Happiness
488,ياحمى رمضان مبروك ماي فراد,Happiness
489,رمظانك مبروك شكرا على المحتوى الراقي,Happiness
490,عجبتني هاو بومعيزة ههه إن شاء الله رمضانكم مبروك,Happiness
491,رمضانك مبروك محمد اللي قلت عليه العلوش والهبرة 34 هاذيكا نقطة بيع متع شركة اللحوم,Happiness
492,Hello hello رمضانكم مبروك,Happiness
493,نشالله رمضانك مبروك 🎉❤,Happiness
494,ياسر متربي الله يبارك خويا لعزيز,Happiness
495,واصل خدم باهي ❤❤❤ورمضانكم مبروك❤❤,Happiness
496,رمضانكم مبروك,Happiness
497,تونس مزيانة وباهية برشا برشا تحياتي من الجزائر نحبوكم بزاااف بزاااف❤❤❤,Happiness
498,🇹🇳🇸🇦🌹🫶عيدكم مــبـارڪ🫶🌹🇸🇦🇹🇳 احفاد الصحابه المرابطين والموحدين قلوب الرجال وعزة الاسلام اخواننا بتونس الحبيبه اهلنا رجال الصمود والنخوة والشهامة 🫶🇹🇳🇸🇦🇹🇳🇸🇦🇹🇳🇸🇦🇹🇳🇸🇦🫶العزة للّٰه ثم رجال الاسلام والعروبه اهلنا اخواننا التوانسه ايه نعم اي وربّٰ الكعبه يشهداللّٰه انتم رجال الصمود وغيرة وحمية الاسلام يعيشكم تحيا تونس والجزائر وليبيا دمار لدول الكفر وعزة لنا وغزة والمسلمين🇸🇦🫶🫶حبكم بقلوبنا اللّٰه اكبر اللّٰه اكبر اللّٰه اكبر لااله الااللّٰه اللّٰه اكبر اللّٰه اكبر وللّٰه الحمد,Happiness
499,ما شاء الله تلك الحي أغلى من ميزانية الجزائر المنكوبة التي تعاني من الطوابير و الجوع و الاحياء المهمشة القصدرية الهشة 😮,Surprise
500,جمال ونظافة وأصالة ما شاء الله,Happiness
501,الله يبارك تونس تسخف ربي يحفظها ويحفظ عبادها,Happiness
502,تونس أحلا علم عندي ❤❤❤,Happiness
503,تونسيه و افتخر باهي ❤❤❤,Happiness
504,أنا تونسية تونس بلادي ياسر مزيانة❤,Happiness
505,يا جزائري..لماذا تذهب إلى كنيسة سيدي بوسعيد اصلا ..نحن التوانسة مسلمين كيفك..لا نريدك ان تزورها ..فاهم والا ماكش فاهم,Anger
506,نحب تونس برشا برشا,Happiness
507,ما شاء الله تبارك الرحمن عليكم ناس طيبين ملاسين انا من الجزائر يحبوني و دارو فيا الخير كل الاحترام والتقدير إليهم ❤❤❤رجالة صح,Happiness
508,سلام أشنحوالك لباس ننصحك إيجا إلى شربان وجرب كسكروة عمك علي هون أمام محطط اللواج,Happiness
509,جرب ملاوي حسونة صفاقس بنين ياسر,Happiness
510,صحة وبالشفاء بالتوفيق ولد بلادي كمل في النجاح الحمدلله❤,Happiness
511,جرب كسكروت food في مدينة باجة حاجة روعي ❤❤❤,Happiness
512,جرب الأنتيكا في المهدية والله حاجة عالمية,Happiness
513,الطحين كان جا عبد 😂😂😂الشعب التونسي,Happiness
514,🫶🇹🇳🌹🇩🇿🫶عيدكم مــبـارڪ🫶🇱🇾🌹🇸🇦🫶 تونس الفخر العزة والصمود للاسلام واخواننا اهلنا التوانسه والنعم واللّٰه الرجال الاخوان والأهل🫶🇹🇳🇸🇦🫶حفظكم اللّٰه يعيشكم اللّٰه اكبر اللّٰه اكبر اللّٰه اكبر لااله الااللّٰه اللّٰه اكبر اللّٰه اكبر وللّٰه الحمد,Happiness
515,ما شاء الله على بلادي ❤🇹🇳,Happiness
516,من مصر نحب تونس برشا ببرشا خييي ❤,Happiness
517,وين صفاقس ❤❤أنا صفاقسية😢,Happiness
518,حيا الله تونس الخضراء واهلها الطيبين نحبكم برشا برشا يامدللين اخوكم سامح من مصر,Happiness
519,نطقت صح مبروك❤😂,Happiness
520,نقطة كل شي صح أنا تونسي,Happiness
521,أنا من تونس ننصحك تجربة الهريس بنين برشا أما عندكم بش تكون حار❤❤❤,Happiness
522,ايعيشك,Happiness
523,لا برافو عليك جد انت اكثر واحد اتكلم على تونس سكرا❤❤ و الولايات صح🎉,Happiness
524,سبحان الله دولة كله لا تساوي ولاية وله اربع وعشرين ولاية ما شاء الله تحية من السودان 🇸🇩,Neutral
525,برافو عليك تونس 🇹🇳 الغالية,Neutral
526,وين المهدية😢,Sadness
527,تونس في الخريطة تجي كان جرد بوسة خالة 😂,Happiness
528,كلهم صح يا بطل فين جماعة تونس,Neutral
529,انا قبالي وقلبي امازيغي ماشي جزائري وعاشت جمهورية القبائل الامازيغية حرة مستقلة ظالمة ولا مظلومة ورايسها فرحات وعاصمتها تزي وزو والجزائر مغربية وفلسطين إسرائيلية وجمهورية القبائل امازيغية واحب التونسيات ماشي التونسيين,Anger
530,تطا وين القاره 1 هي مدنين القاهره 2,Neutral
531,صفاقس وين أنا من تونس,Neutral
532,باهي انا من تونس احسنت🎉🎉🎉❤❤,Happiness
533,انا تونسي والله باهي,Happiness
534,كلامك سليم ❤ في النطق ما شاء الله عليك 👍🌹,Neutral
535,أنا من تونس وما شاء الله عليك في نطقهم أحسن من التونسيين أصلا,Neutral
536,و الله اعشق تونس بحبكم برشا حبايبي 🇸🇩🤍🤍,Happiness
537,نطقك صح ما شاء الله 🎉🎉,Happiness
538,برافو عليك قريتهم صح🇹🇳🇹🇳👇🏻,Neutral
539,تحياتي من الجزائر الي تونس الشقيقة نحبوكم برشا برشا 🇩🇿♥🇹🇳,Happiness
540,لا يجوز للرجل لباس الأساور في اليدين أو العقود في الرقبة أو الأقراط في الأذنين تبعا للرسول صلى الله عليه و سلم 🤲🏻 .,Neutral
541,ما شاء الله على ولد بلادي أساطير ❤😍,Happiness
542,برافو قيس شقير وكامل الفريق👏 ضحكتونا وزهيتونا🤣 بالتوفيق إن شاء الله 🤲,Happiness
543,تمثيل ما شاء الله أخوكم من الجزائر,Neutral
"544,""هذا كوميديا و لا خلي، ملي بدا و انا نضحك، و الله ما ديتها فيكم يا توانسة ضحكوني،حتى صاحبي ماهر تونسي كي قالي عليه مامنتوش، تحفة و مبروك"",Happiness"
545,احلى سيتكوم شفتو وقتلني بالضحك هاذ العام ... مبروك من 🇩🇿,Happiness
546,أخراج واعر تمثيل محترف برافو عليكم خاوتنا توانسة تحيا كبيرة لكم وصحا رمضانكم 🇹🇳 ❤️ 🇩🇿,Happiness
547,من غير مسلسلت تونس في رمضان مدرنا والو,Disgust
548,أحلى تحية لأحلى توانسة خدمة شابة بزاف الله يبارك خوكم من الجزائر,Happiness
549,مبروك المبدع كريم الغربي مرة أخرى النجاح لهذا السيتكوم ضحكتني برشة,Happiness
550,مسلسل تونسي موش للتوانسة. ما ضحك حتى تونسي,Disgust
551,أنا كيفك,Neutral
552,بلطي الله يبارك,Neutral
553,ضحكت من قلبي ربي يخليكم,Happiness
"554,""يا حسرة على تونس و على برامجها و مسلسلاتها ، توا كان لمسوطة و قلة الاحترام."",Disgust"
555,ياخي موش طلعوه فيلم وتونس لكل تفرجت فيه,Disgust
556,بحكم جداتي تونسية نتفرج في التوانسة اما التونسة لي يتكلمو من ⭕ على الجزايريين نقلهم اتربو رانا كيفكيف تونسي و لا جزايري ماكانش فرق كبير في البهامة و قلة التربية . الكره زرعتو فرانسا القحبة في قلوبكم و مزالكم تبعو فيه,Disgust
557,مت من الضحك مبروك المسلسل جميل جدا متشوقة اشوف باقي الحلقات😂😂❤🇹🇳,Happiness
558,رمضانكم مبروك,Neutral
559,عاش النادي الصفاقسي,Happiness
560,انا انحب النادي الصفاقسي css,Happiness
561,الأفريقية دولة احسن فريق في تونس🎉,Happiness
562,النادي الافريقي و نجم الساحلي و الصفاقس و منستير و جميع الأندية الأفريقية تحت الصفر بنسبة للترجي,Disgust
563,مبروك الترجي رابحة,Happiness
564,الترجي الرياضي التونسي ❤️💛🖤🎉🎉🎉,Happiness
565,علاش الجزائر يماك باش تغلبنا تونس🖕🖕🖕🇩🇿🇩🇿🇩🇿🖕🖕🇩🇿♥️♥️♥️♥️♥️♓♓♓,Anger
566,انا تونسي و احنا مستحيل نعملو هكا❤❤,Happiness
567,ختك مشي تونس تغلب الجزائر,Disgust
568,تونس تغلب الجزائر عندك خيال واسع,Disgust
569,أنا من تونس يزي من كذبك 😮😅😅😊😊😮😮😮,Disgust
570,ختك كيفاش تونس تغلب الجزائر,Disgust
571,علاش تونس وليبيا و الجزائر والمغرب اخوة,Happiness
572,عندك تغظب تونس حص رك تخوف😂😂😂🎉,Happiness
573,يزي بلا عطي تونس الجعانة ماتغلبناش,Disgust
574,نتا راك مهبول صح كيفاش تونس تقلب الجزائر,Disgust
575,انا تونسية و مستحيل نعملوا هكا ❤❤,Happiness
576,أنا تونسيا و من المهدية ربي يخليكم,Neutral
577,تحيا السعودية راني نحبكم برشا من تونس,Happiness
578,تونس ديمه الكلام عندك يقول وش😂😂😂,Happiness
579,تحية من السعوديه لاهلنا واحبابنا في تونس الخصراء مرحبابيكم ايعيشكم اشنوا حوالكم خوتنا في تونس احنا باهين انتوما باهين زادا ههه قداش باهين خوتنا بتونس انتوما باهين برشا عسلامه باش نقولكم نحن من السعودية باش نحبكم برشا 🇸🇦❤️🇹🇳,Happiness
580, آخر شي بكلمة تونس كلها شين شين شين,Disgust
581,حرفياً تونس كل شي اخر حرف ش,Disgust
582,اين تونسيه كان باش نحكي مع واحد مصري,Neutral
583,أيديهم في المحليات... سلام القدس الشريف عليكم... من المحله الكبرى.. كثير التحايا لأفضل خلق الله على الكوكب أهلنا بغزه الباسله غزه هاشم الاباء والصمود والتحدي العربى... ولو أن العرروبه اصبحت متصهينه,Happiness
584,انا من الجزائر نحبك بزاف نهدرو كيفكم,Happiness
585,والله مانحكيووش هكا في تونس,Disgust
586,اذا كان انا مصري وبفهم لغه تونس.,Happiness
587,😂😂 يضحك برشا برشا,Happiness
588,أنا تونس ❤ كيفك😊,Happiness
589,علاه تونسيين يقولو اقعد واقف😅,Happiness
590,انا تونسيه ونحب برشا وساعات احب 🎀🎀❤️❤️🎀🎀❤️❤️🇵🇸🇵🇸❤️❤️🎀🎀🇵🇸🇵🇸❤️❤️🎀🎀,Sadness
591,لصاحبه القصه : الله يوفقك وعيشي حياتك انا فكرت انه رح تتزوجي راشد😂 المهم الله يسعدك فحياتك ويحفظلك سما ❤,Happiness
592,اناحتكلم بي الجزائر وشراكم لباس بيكم ههه😊😊😂😂❤🎉,Happiness
593,يعني انا من تونس وسبحان الله بفهم مصري وكل اللغه العربيه ما شاء الله,Neutral
594,تونس بلادي عندنا كلام غريب❤🇹🇳,Happiness
595,فهمت المصري التونسي ما فهمت شي,Happiness
596,جيش السلخ #كيفكم ساڨا#,Happiness
597,ممكن حد تونسي عندي سؤال مهم,Sadness
598,انا من تونس و نحب لهجتنا برشا,Happiness
599,أنا تونسية والله الأمر بضحكني برشا 😂,Happiness
600,تونس حتى انتم عندكم الشرموله 💜💜💜🇱🇾🇱🇾,Neutral
601,😢 مافهمت شي بس فيه شي غريب تونس اول مره اسمع تردي زايد هزي 😢,Happiness
602,دمك خفيف اوى ما شاء الله,Happiness
603,جزاءر لي تتقول اقعد واقف مشي تونس,Happiness
604,انا تونسي اسمي روان انا انحبك برشا برشا تحية الى مصر ام الدنيا🥰,Happiness
"605,قعود مشي / قاعدين عم نمشي بالسوري 😂 tamam كلمه تركيه يعني حسنا ب سوريا ؛ كيفك؟ تمام تعال . تمام اوك ؟ تمام طيب ؟ اممم تمام 😋 و كلمه طيب طيب يعني ؛ لذيذ . حسنا . كويس . لطيف . 😍💔,Neutral"
606,ههه ما شاء الله عليها المصريه تظحك,Happiness
607,أنا بعرف عبارتين بالتونسي... حتى فما شي = حتى ولا شي ع اللخر = على الآخر,Happiness
608,اقسما باله تونس🇹🇳 عندها كلمات يضحك😂😂😂,Happiness
609,موش لها الدرجة من البهامة التونسية نفدلك معاكم 😂😂😂,Disgust
610,للتونسيين ايش يعني نجم احنا عندنا مشهور 😂😂,Neutral
611,ههه الله يبارك طفلة هدي عسل مقطر,Sadness
612,أقعد واقف تعنا حنا الجزائريين ماشي كلمة تونسية 🇩🇿💪🇩🇿🇵🇸,Happiness
613,هذي ماشي لغة تونس هذي لغة الجزائر 🇩🇿,Happiness
614,اول مرة نشوف بني آدم يعيش في زنقة كلها كلاب 😂😂😂 أنا من مصر و نموت علي تونس و عندي برشا عباد من برشا ولايات في تونس. نحبوكم برشا 😂😂😂,Happiness
615,إخوتنا الى فى تونس إش معنا بسطرمه عندكم 😅,Happiness
616,أقعد واقف دزايرية مشي تونسي 🇩🇿❤🇹🇳,Happiness
617,يعني إيه بسطرما بالتونسي فين الشتيمة في كده,Happiness
618,ما فهمت ولا شي من التونسية,Happiness
619,😂😂😂 ما شاء الله على ابداع,Disgust
620,مسخرة يا عيشة يعيشك العب يا سمك,Disgust
621,ههه فديو عواوته100 مرة ومكرهتش والله غير ممتلة الله يبارك 💓😍,Happiness
622,ضحكتيني و الله يبارك نفس كلامنا في المغرب,Happiness
623,حضرتك في أي مكان ما عندي توا مرحبا كيفك شو عم تساوي شي من ٩ من مرحبا كم الثانية انتي يا شو أخبارك ايه بس ما اعرف,Disgust
"624,""ما شاء الله يا بلاد المسلمين . و بتزعلوا من الغرب ، لنا الله وحسبي الله ونعم الوكيل"",Sadness"
625,برافو عليك فديواتك يقتلو بضحك,Happiness
626,لا يجوز للرجل لباس الأساور في اليدين أو العقود في الرقبة أو الأقراط في الأذنين تبعا للرسول صلى الله عليه و سلم 🤲🏻 .,Disgust
627,ما شاء الله على ولد بلادي أساطير ❤😍,Happiness
628,برافو قيس شقير وكامل الفريق👏 ضحكتونا وزهيتونا🤣 بالتوفيق إن شاء الله 🤲,Happiness
629,تمثيل ما شاء الله أخوكم من الجزائر,Happiness
"630,""هذا كوميديا و لا خلي، ملي بدا و انا نضحك، و الله ما ديتها فيكم يا توانسة ضحكوني،حتى صاحبي ماهر تونسي كي قالي عليه مامنتوش، تحفة و مبروك"",Happiness"
631,احلى سيتكوم شفتو وقتلني بالضحك هاذ العام ... مبروك من 🇩🇿,Happiness
632,أخراج واعر تمثيل محترف برافو عليكم خاوتنا توانسة تحيا كبيرة لكم وصحا رمضانكم 🇹🇳 ❤️ 🇩🇿,Happiness
633,من غير مسلسلت تونس في رمضان مدرنا والو,Happiness
634,أحلى تحية لأحلى توانسة خدمة شابة بزاف الله يبارك خوكم من الجزائر,Happiness
635,مبروك المبدع كريم الغربي مرة أخرى النجاح لهذا السيتكوم ضحكتني برشة,Happiness
636,مسلسل تونسي موش للتوانسة. ما ضحك حتى تونسي,Happiness
637,أنا كيفك,Neutral
638,بلطي الله يبارك,Happiness
639,ضحكت من قلبي ربي يخليكم,Happiness
"640,""يا حسرة على تونس و على برامجها و مسلسلاتها ، توا كان لمسوطة و قلة الاحترام."",Sadness"
641,ياخي موش طلعوه فيلم وتونس لكل تفرجت فيه,Happiness
642,بحكم جداتي تونسية نتفرج في التوانسة اما التونسة لي يتكلمو من ⭕ على الجزايريين نقلهم اتربو رانا كيفكيف تونسي و لا جزايري ماكانش فرق كبير في البهامة و قلة التربية . الكره زرعتو فرانسا القحبة في قلوبكم و مزالكم تبعو فيه,Happiness
643,مت من الضحك مبروك المسلسل جميل جدا متشوقة اشوف باقي الحلقات😂😂❤🇹🇳,Happiness
644,رمضانكم مبروك,Neutral
645,أنا زادا نحب يولي عندي قوة خارقة متاع سوبر مان البطل الخارق التونسي نحب نولي كيفو يعيشكم حققولي هالأمنية كهدية للعيد ميلادي اسمي مريم البليدي تونسية وعلوية 😢😢😊😊😊❤❤❤🦸🏻‍♀️🦸🏻‍♀️🦸🏻‍♀️😭😭😭🥹🥹🥹🥰🥰🥰🇹🇳🇹🇳🇹🇳🇹🇳,Happiness
646,توانسا فالتمثيل هاربين الله يبارك ❤❤❤,Happiness
647,توا انتم التونسه عرفينكم ديوثين بصح علاه زيدو تثظبتونا هذا,Anger
648,احب تونس برشا 🇹🇳🇸🇦❤❤,Happiness
649,ما شاء الله تبارك الله اول مره اشاهد دراما تونسية والله ابداع في كل شي.. سيناريو.. تمثيل.. تصوير.. مونتاج.. تحياتي لكم من دولة السودان الجريحة 💔 🇹🇳❤🇸🇩,Happiness
"650,""كان كاش ماصرى لتونس متقولوش، كنا نتفرجو معاكم"",Neutral"
651,بدني قشعر اللطف كان الحلم يولي حقيقة 🎉🎉🎉 علاش لا كان انخرجوا السوبر تونسي الي فينا ونفيقوا مالحلم 😁😁😁,Happiness
652,بحب اللهجة التونسية برشا انا سوداني,Happiness
653,ههه رمضان بلا مسلسلات تونسية ماهوش رمضان 🇩🇿,Happiness
654,برافو عليكم توانسة عندهم ما يقولوا في الكوميديا,Happiness
655,الله يبارك صراحة اخراج هوليودي و ميزانية كبيرة للسلسلة.. كل التوفيق للاخوة التوانسة و صح رمضانكم,Happiness
656,صحة شربتكم متابعكم كل سنة من ليبيا طرابلس تحيه للشعب تونسي والجزائري والمغربي🇹🇳🇱🇾🇲🇦🇩🇿 وكل سنة رمضانكم مبروك رمضان 2024/3🎉,Happiness
657,هذي تونس اللي كيفاش يحب يراها كل تونسي 😂❤❤❤,Happiness
658,تونس اذا صرالتلها حاجة اعرفو السبة هاذ المسلسل 😂😂😂🇩🇿🇹🇳,Happiness
659,جو كان تونس تولي هكا😍😍,Happiness
660,جو كان تونس تولي هكا😍😍,Happiness
661,ههه ههه زعمة تونس تولي هكا😅,Happiness
662,ههه مش نرمال برافو عليكم تشكيلة تقتل 😅😂😂😂,Happiness
663,تونس رانا جيران فكونا من تمسخير والله كون يقيسكم صاروخ افريقيا الكل تروح علاه علاه هك,Sadness
664,يا تونس علاه علاه هك 😭 😂😂😂 بصح الحق يقال الحلقة روعة ❤,Happiness
665,حلقة تعمل أكثر من 127 ألف في 5 ساعات ما شاء الله يعني سلسلة ناجحة جداً جداً,Happiness
666,اش خص ياربي كان تونس تولي هكا غير الله يهلك صحاب الشر,Happiness
667,مرحبا بيك عندنا في تونس 😂❤❤❤🎉🎉,Happiness
668,فلوس تونس كل ماشي ناس فناين من دول اخرى نحنا موش لقينا شنيا بش نصرفو,Happiness
669,سلام كيفك يا جعلك دائما إن شاء الله بإذن إن شاء الله أننا أننا سمحت لنا من زعيم قلت مثلا شايف أنت معك وحدة بس بس صلاة خلاص اسمعي أنا❤,Happiness
670,كنت حاضر الحفلة بصراحة من غير انحياز كانت حفلة خرافية و كانت الأكثر جماهيرية بتعليق من ادارة المهرجان اقسم بالله انا تعبت و نجوى ما شاء الله نشاط و حيوية و تربية و تعرف تتعامل مع الجمهور و صوتها احلى بمراحل من التسجيل ❤️قرطاج يليق بنجوى فقط,Happiness
671,ما شاء الله فكرة عبقرية ان الجمهور يغني مع الفرقة الرائعة بقيادة مايسترو الإبداع والفن بودشار 🏆👏👏👍🎼🎼💯,Happiness
672,ما شاء الله الشعب التونسي ذواااق .و الحفله كانت ملكيه بكل اامقاييس❤,Happiness
673,ما شاء الله والله أكبر عليك السي أمين. كل التقدير والاحترام للفنان المغربي المتجدد,Happiness
"674,""ابداع ، رُقيّ ، بهجة استمتاع. الموسيقى يمكن أن تكون علاجا فعالا لاضطرابات المزاج ما شاء الله على الميسترو بودشار للأسف ما حضرتلوش في قرطاج وفات التذاكر . و نفس النهار اللي راجعة للغربة يعمل حفلة في امستردام وما نخلطش😊 ربي يوفقوا وين ما مشى وباذن الله نحظرلو برفوا عليك ❤"",Happiness"
675,ما شاء الله. الله يبارك فيك يارب,Happiness
676,مبروك عليك نجاح الحفل,Happiness
677,تبارك الله ما شاء الله عليكم🎉🎉🎉,Happiness
678,ماشاء الله عليك السي أمين بوديشارت المايسترو الراقي المتواضع المغربي ♥ أقول كلمة حق في جميع ماقدمته لجميع العرب في تسيير فن طربي نظيف شكرا شكرا شكرا .❤❤❤الله يعطيك الصحة شكرا لجميع العازفين و العازفات على مختلف الآلات الموسيقية أتمنى لك ولدي مستقبلا زاهر اللهم آمييين آمييين آمييين يارب العالمين.,Happiness
679,حضرت حفل الرباط اول مرة بعد محاولات للتعرف على كيفية اقتناء التذكرة وكانت فرحتي تزداد كلما اقترب موعدالحفل ...ما شاء الله عليكم قدمتم فنا راقيا واسعدتمونا كل اعضاء الفرقة الموسيقية اكفاء وعلى راسهم المايسترو سيد أمين شكرا لكم والى اللقاء,Happiness
680,ما شاء الله عليكم شكرا لك شكرا❤❤,Happiness
681,دمت دائما متألقا بالتوفيق,Happiness
682,شكرا لك سي أمين على مشاركة هذه الحفلة مع الجمهور الذي يستطيع الحضور وبالتوفيق دائما,Happiness
683,ألف مبروك للعملاقه التي علمتنا الحرف قبل الكلمه والأبداع الراقي وهذا فضل الله عز وجل وفضلها الباذخ الكريم شكراً لاتكفي نحبكِ حتى النخاع أستاذتنا الغاليه والحبيبه كم أنتِ رائعه يكل تقاصيلك لاأعلم كيف أجمع شتات الحروف ولكن أعي حيداً كيف تصغينها لتجعلينها لوحه فنيه تترجم نفسها من نثر للخروف حبيبتنا الغاليه أنتِ فوق هام السحب مكانك ونحن لم نتعدى القفزه الأبداعيه بحرف راقيه أيتها العملاقه 💙🌪️⚡️🩶💞🥰🕌,Happiness
684,باحسد الجمهور على ها الحفلة العظيمة والرايعة تباركالله وما شاء الله كل شيء رايع ربي يباركلها ويفرحها كيف ما فرحتنا ❤ تونس ولادة تونس بنساها ورجالها تبقى شامخة 🇹🇳❤❤❤,Happiness
685,ابدعتي بنت بلدي ما شاء الله الجمهور التونسي شو حلو ومحب ومثقف ❤,Happiness
686,ما شاء الله ع جمال التونسيات ❤❤❤,Happiness
687,فنانة تعرف ترحب بجمهورها و تعرف تقدم فرقتها الموسيقية و تشكرهم و تشكر جمهورها و هي واقفة و تحكي معاه و تغنيله غناية الختام كاملة مش تخلي الفرقة تعزف و تخرج كيف ما يعملوا برشا فنانين و هذه حركة نشوف فيها برشا قلة ذوق و قلة احترام للجمهور.. جمهور رحبت به في الدخول و بداية الحفل و ودعته و انحنت له احتراما... راااقية برشا يا صولا الف مبروك يا أيقونة الشرق ❤❤❤,Happiness
"688,""حفلة رائعة بأتم معنى الكلمة، برافو عليكي يا أيقونة الشرق"",Happiness"
"689,""مش عارف هشكرك ازاي على شغلك و عملك ده اللي منضبط فيه، و متفاني فيه، فعلاً انت بتعمل شغل جبار مشكور مليون مرة عليه، شاهدت الحفل لايف و اتمنيت انه حد ينقله عاليوتيوب عشان بجد كان حفل خرافي و جميل جداً و متنوع و من زمان ما شفت اصالة بالتوهج هذا و حفل كامل ما شاء الله و جمهور البلد الشقيق تونس ما شاء الله عليه على طول مبتسمين و مبتهجين ❤ شكرا جزيلاً يحيى و ل اصالة و للجمهور التونسي و لمهرجان قرطاج على هالتحفة الفنية."",Happiness"
690,منذ متى تلبس نساء تونس الحولي من جيهة وحدة ( السبولة ) إنها طريقة لبس الحولي في ليبيا أما تونس فمن الجهتين ... !! ومنذ متى تلبس نساء تونس السروال تحت الحولي! فهذا غير موجود في ارشيفم بينما تلبس نساء ليبيا السروال تحت الحولي وهو قطعة أصيلة في اللباس التقليدي الليبي.,Happiness
691,تحياتي لك خويا بالتوفيق,Happiness
692,من السودان كيف حالكم لباس 🇹🇳🇸🇩,Happiness
693,الراب التونسي برشا جامد 🇪🇬🇹🇳,Happiness
694,اول مرة نسبع بيه الرابار هدا الله يبارك صوت وكلام موزون تخياتي خويا 🇩🇿 ❤,Happiness
695,للمرة ال1000 نعاودها يا جونيييور يعيشك خويا ستيييل هذا بالظبط بعد نحبووو نسمعوووه كل دقيقة يعيشك ركز كيما رام الله الاغاني الجاية 👿🩶👿,Happiness
696,الله يبارك ❤ربي يحفظك,Happiness
697,ما شاء الله 🫶🏼❤️,Happiness
698,الله يبارك,Happiness
699,❤وين,Neutral
700,الله يبارك,Happiness
701,الله يبارك ❤️🇩🇿❣️,Happiness
702,الأغنية هذي عقدتني هذاي حسان كرتوشة مش جينيور. قنابل 💣💣💣 ملا كعبة منين جيتهم وين كنت متخبي😂😂😂,Happiness
703,باه تبان. ...لاازم طيح فالكلام دير غنيات ...تعبيهم بالسبان مشني كيفك ...يا انسان انت رباك السيستام ... وانا رباوني دروس طارق السويدان الفرق او كلار. ... ماكان لاه تحوس... انت تحلم بكاليفورنيا ...وانا نحلم بالفردوس ...هذا جوابك قبل ما تزيد من كرش ماماك DK,Anger
704,مبروك 14vuتستحق اكثر وخي,Happiness
705,حبيتك جنيور كيفك حارق في نمسا من ٢٠٠٦,Happiness
706,يخويا والله غير الله يبارك الجزائري معاك ❤❤❤ اتهل فيروحك,Happiness
707,عمرو 23 الله يبارك العالمية في كاش غام,Happiness
708,مبروك عليك خويا قدرت تدخل لقلوووب الجزائرين 🇹🇳🇩🇿❤ الووو لامشين خصتنا خدمة مع العم جونيور,Happiness
709,الله يبارك,Happiness
710,الرابور الوحيد في تونس لي يعجبني . ليزوووم بالتوفيق لك من الجزائر🇩🇿🇩🇿🇩🇿🇩🇿🇩🇿,Happiness
711,مانا قولنا سوسة تجيب كان رابور كاسح,Neutral
712,الله يبارك,Happiness
713,🇩🇿🇩🇿 حسان بالتوفيق خويا🇹🇳,Happiness
714,كي تجي تشوف تونس العميقة تشوف دزاير فيها سبحان الله وينعتولنا فالtv الشواذ علا اساس هاذوك يمثلو التوانسة المغني هذا الدم لي يمشي فيه يمشي في عروقي الجماعة تشوف فيها راب انا نشوف فيها قطعة فنية كي تع بيتهوفن كي الدريل كي ليركس حاجة متكاملة ربي يوصلك للعالمية لان هاذي الموسيقى تقيسنا كل كمغاربة خصوصا وكعرب على العموم والله بالتوفيق,Anger
715,الله يبارك تحيا تونس,Happiness
716,و الله يعطيك الصحة يا معلم ❤,Happiness
717,الله يبارك كاين منها,Happiness
718,علاش تسب في تونس سب حكومته يا جبان🤬🤬,Anger
719,شيكور الله يبارك صوتك راو واصل عند لعرب للأمام,Happiness
720,زوز أغاني كسر الدنيا ورجع واحد كيفي متربي على دوبل كانو يسمع الراب بالتوفيق اما نقصلنا ملكلام لخايب خل انربو صغارنا على المبادئ هذي كيف متربينا مع لطفي دوبل كانو❤,Happiness
721,الله يعطيك الصحة من عند خوك الجزائري 🇩🇿🇩🇿❤️❤️😍😍👌👌🇹🇳🇹🇳🇹🇳,Happiness
722,الله يعطيك الصحة من عند خوك الجزائري 🇩🇿🇩🇿❤️❤️😍😍👌👌🇹🇳🇹🇳🇹🇳,Happiness
723,برازيل عندها نيمار جونيور و تونس عندها حسان جونيور ❤,Happiness
724,الله يبارك,Happiness
725,تونس تجيب كان الرجال اغاني الراب التونسي وحدها ❤️🇹🇳🇹🇳🇹🇳,Happiness
726,الراب التونسي واعر كاسح برشا ❤,Happiness
727,تحياتي القلبية من الجزائر يعطيك الصحة بالتوفيق ❤,Happiness
728,طيب يا صاحبي رام الله وين رحت نابلس,Happiness
729,بالتوفيق يا ابن الخضراء,Happiness
730,الجزائر 🇩🇿 تونس 🇹🇳 خص واحد مسبش الدولة وين راه 😉 🇲🇦,Neutral
731,تحيا راب الجزائري و راب تونسي رابو قوة الله يبارك,Happiness
732,مبروك الأغنية ترند🥵 اما نقص من كلام الزايد فما صغار تتفرج😊,Disgust
733,ياخويا ملا rappeur تحميل سوسة و مبروك اللقب يا ساحلية تحياتي المكشخة تعيش❤,Happiness
734,الله يبارك❤❤❤,Happiness
735,الله يبارك هدا هو الراب تاع صح تحية من الجزائر 🇩🇿,Happiness
736,🇩🇿 في الصفوف الاولى ناس تونس نحبكم برشا ♥,Happiness
737,على خطى لطفي دوبل كانو برافو عليك هذا هو الراب الحقيقي يحكي على المعاناة 🇩🇿🇩🇿🇩🇿🇩🇿🇩🇿🇩🇿🇩🇿🇩🇿🇩🇿🇩🇿🇹🇳,Happiness
738,تونس تدعم فالمثلية برافو عليك عندو حق ❤,Disgust
739,علاه شعملتلك تونس,Anger
740,اول حاجة تجينا مزيانة من سوسة ❤❤❤,Happiness
741,تحية قصرينية فرشيشية كبيرة من الارض الحرشة واصل ديما صاحبي ومايفهمك كان ولد حومة كيفك,Happiness
742,❤️ 0:32 👑مبروك 1M 👑❤️❤️❤️❤️,Happiness
743,ظاهرلي ما فماش منك 40 على خاطر كون فما 40 كيفك راه راب في لأعلى,Happiness
744,مبروك 1مليون 🔥👏🏼🇱🇾☄,Happiness
745,ما شاء الله عليك فنان انت فايت بالراب بقوه الله عليك خطيره الراب اسطوره بالرجوله اخويا جدا قوي في الراب استمر بالتوفيق😯🔥,Happiness
746,درابو تونس و الدزاير 💪💪💪❤ بورجولية برافو و الله كاسحين رجال سوسة و نشاالله مبروك عليكم البطولة في الكورة و البطولة في الراب,Happiness
747,الله يبارك رابر فكرني في لطفي دوابل كانو,Happiness
"748,""مبروك 100, 💯 K"",Happiness"
749,سوسة تدعم المثلية موش تونس,Anger
750,الف مبروك 100K يااا JUNIOR 🎉🎉❤️🎇🎆🎆🎊🎊🎈🎈✨,Happiness
751,مبروك على ١٠٠الف مشترك خلال فتره بسيطة جدآ وعقبال مليون مشترك وربي تستاهل (طرب مافي منه اثنين في تونس🔥) تحياتي لك من سلطنة 🇴🇲,Happiness
752,100 الف متابع مبروك>>,Happiness
753,و علم تونس 🇹🇳 وين ؟؟؟,Neutral
754,عيدكم مبروك معلم خويا ❤❤❤,Happiness
755,جونيور الظاهرة ستيلو يسيب في ليميسيل 2 تيتر بمسيرة رابورات عندهم عوام تحية من الجزائر 🇩🇿 رجال خانها الزمن ✌️ بالتوفيق,Happiness
756,الله يبارك,Happiness
757,مبروك 100الف,Happiness
758,الرابور التونسي الوحيد لي حسيت برسالتو و كيفاش يلحقها ما يهمو ولا شي 🤫👌,Happiness
759,عيدك مبروك ❤❤❤ اقسم بالله العظيم معلم خويا الغالي واصل هذا هوا الراب الصحيح ❤❤❤,Happiness
760,مبروك عليك بوهدمة (الحبس)!,Fear
761,ما جابت راپورات كان سوسة 🙏❤️,Neutral
762,الله يبارك تحياتي لكم اخوكم من الجزائر واحيااا فلسطين الحبيبة وعاشت فلسطين الحبيبة,Happiness
763,❤❤ الله يبارك عليك واصل,Happiness
764,وين كنت نتيا 😮 موهبة خويا الله يبارك رانا معاك ❤😊,Happiness
765,عيدكم مبروك❤,Happiness
766,😮الله يبارك 😮🇩🇿🇩🇿🇩🇿🇩🇿🇩🇿❤❤❤,Happiness
767,المرأة إلي تقعد تستنى في راجل أكثر من عام علاقة شرعية أو أكثر من شهرين تعارف قبل الخطبة هي امرأة غبية حمقاء اعطته السكين ليذبحها به وتزيد تقول لا رحت أنت وش بقالي أنت مذلولة ولي كيفك بففف جيبيلي عمر بن الخطاب ولا ابوبكر هنا نستعرف بيك 😜😎🥴,Anger
768,يناثغعبتففف🎉😂❤❤❤يخثغ3ميمعيغسهفعفصنف انا نحب بزاف انا و العائلة تاعي مي كي قالولي خير نشاء الله عليه و سلم و سيرته و الله يبارك ماشي قتلي حتا واحد 😂😂😂🤣😂🤣😂 يميايالبءتل انا في واش خيي انا اسحاق الله و انا نحب نقول لالا,Happiness
769,شكرا لك على المراجعه الممتازه اتمنى لك كل خير بالتوفيق في عملك يا استاذ عباس 🎉👩‍🎓👍🕋🕋🕋💎💎😀😃😃😃🕋🕋🕋🤯🤯🌹🌹🌹🕋🕋🕋 حياتي روعه لانها الرياضيات بجانبي الاساتذه مثل استاذ عباس الاستاذ الجيد الحب الناس ينجحوا لانه طيب القلب❤❤❤,Happiness
770,الله يبارك ❤❤❤🎉🎉🎉,Happiness
771,الله يبارك الله يبارك ❤❤❤,Happiness
772,نلي الله ❤مرحبا مليون مبروك وربنا يتم على كل شيء قدير مرحبا كيفك شو عم تعملي يا ابو محمد وعلى اله 😂🎉مرحبا مليون دولار الى مرحبا ما فضيت دق علي ضروري اليوم في عيد الفطر مرحبا مليون مبروك وربنا يبارك فيك يارب 😊,Happiness
773,ها❤متى ما راح مرحبا كيفك شو عم تساوي شي بس لا تقولي لي انا ما طططمة,Neutral
774,راك قريب لمليون الله يوفقك,Happiness
775,سلام صفا غايا لباس الحمد لله بخيروالله ❤❤❤,Happiness
776,الله يبارك,Happiness
777,متظهرش لهجة مغربية وين الكاف والفواصل,Neutral
778,هذه الاغنيه الف الف حلوه مبروك على هذه الاغنيه الجديده انا احبها كثير كثير❤❤❤,Happiness
779,الله يبارك❤❤😂,Happiness
780,مبروك علينا😊,Happiness
781,فيديو جاب مليون لايك الله يبارك ❤❤❤,Happiness
782,❤❤❤🎉🎉🎉 0:41 😅😅😅😂😂😂❤❤❤الله يبارك 😂😂😂 مشاءالله 😂😂😂❤❤❤,Happiness
783,انا جزائرية و الأغنية تهبل الله يبارك اليوم و انا نشطح فيها حتى نسيت ماطيبتش لعشا هذا وين اني نطيب,Happiness
784,جيلان الله يبارك اختي تحياتي من الجزائر لك🎉🎉 أغنية في القمة❤,Happiness
785,اغنية جميلة ولكن لي مقدمها كارية وصاف لاشكل لا مضمون داك لباس لي لابسة ما علاقته بتقافتنا ؟؟؟,Disgust
786,مبروك. 😂❤🎉🎉🎉,Happiness
"787,""كل ما هو مغربي جميل ، تراث الحان موسيقى كلمات روح مغربية ولا عزاء للانانيش الكراغلة مبروك عليهم موسيقى الواي واي تراثهم الذي يشبههم ومبروك عليه الشيخ نانو والشاب عبدو منار وباقي الانانيش 106..."",Happiness"
788,فيديو مسطي الله يوفقكم😂👌,Happiness
789,300 مليون مبروك عليك 🎉🎉💜👑,Happiness
790,مبروك فرحنا ليك فاش وصلات الأغنية ل 300 مليون 🎉🎉🎉,Happiness
791,اغنية جميلة ما شاء الله ❤,Happiness
792,انا قبايلية مثلك ❤ شكرا الله يبارك لقبليل ليزوم ❤❤,Happiness
793,من الجزائر نقلك ها اختي الصحراء غربية والقفطان مسجل فليونيسكو باسم الجزائر ههه يا خي براهيش كيفك كيف تعليقات متعدبيش روحك الصحراء غربية جد عن جد,Anger
794,ممتاز❤ مبروك😂 عليك,Happiness
795,شابة الله يعطيك الصحة❤🎉😊,Happiness
796,الله يبارك ❤❤❤,Happiness
797,انا كنبغيك مهبول انا وش تينا في المغرب الف مبروك 🎉❤❤❤,Happiness
798,مبروك وصول الأغنية 183 مليون مشاهدة❤❤❤,Happiness
799,الله يبارك اغنية شابه يعطيك الصحة زين ❤❤❤  1:15,Happiness
800,ملاحة لغنايه الله يبارك ربي يقويكم❤❤❤,Happiness
801,انا نحب حاجة هاكا عندو حق الله و ندخل فيه بدماغ حق لأنها دايما فدار يقرا افكاري ث كي كنت صغير ولا كبير في وجهو 🎉🎉🎉ههه والله نحمدو تاع الدار و هاداك لعقاش لي نحبها بزاف هي مدينة طوكيو تاع ام في وجهو كي 136ههم تتتعنننييبيسبععترر ويشد روحو في بلد اخرى راني مع شربة باسكو خلاصت وعندي لعبة ايمبروك كي 🎉 و هو صحبتي 😂😂😂😅😅تلبرؤيييبةونممنتاةنزنننصصض❤❤😂🎉😢😢😮😮😅,Happiness
802,على الاقل لمسنا نوع من الحياء في حفل الزفاف دون عري فاضح يحي الفنان والاب احمد زاهر تحية من المغرب للاسف فنانات مصر غلب عليهم لباس العهر للاسف واكيد ليس الكل نحن دولة اسلامية الحرية ليست هي العري والفساد الحرية ان احترم الاخر احترم رجولة ابي واخي وعمي تمالرجل الاخر الذي حرم الله ان يرى جسد المراة المراة الحرة هي من تستر نفسها اما الجواري والعاهرة هي التي تتعرى امام الاخر,Disgust
803,اعطيني اغنيه بوسطوف واعره ما شاء الله😮,Happiness
804,والو ❤❤❤,Happiness
805,سبحان الله والله حتا كتبانو تما مجموعين غير الزوامل ...من حركاتكم لباسكم...نعسين على كرشكم,Disgust
806,مبروك,Happiness
807,مبروك المليون تستاهلوا 🎉 افضل اغنية ❤😊,Happiness
808,الله يبارك على الغنية ❤,Happiness
809,لباس الحمد الله 😂😅,Happiness
810,أغنية ما شاء الله 😊🎉😢🎉🎉🎉,Happiness
811,الله يبارك وصلة الى 250 مليونv,Happiness
812,الله يوفقك و تحياتي لك و للفرقة تبارك الله الله يحفظكم ❤❤❤,Happiness
813,❤ تحياتي لك من ليببيا 🇱🇾♥ الاغنيه خيال ابداع الله يبارك ❤❤ نحب نهنبك,Happiness
814,وايت ﷲيعيشك انو من متابعينك إشحنلي بليز 2493541816😢😭😭😭,Sadness
815,تهبل الله يبارك ربي يحفظكم انشاء الله يارب ❤❤❤😢😮😅😊,Happiness
816,الفرنسية 🇵🇫 الله الله الله ويحفظك من وين انتي والله العظيم ٥٥ ٥٥ مليون مبروك وربنا يتمم على خير ❤❤❤🎉,Happiness
817,😮😮يعيشك في اغنية شاب 😂😂❤❤😮😊,Happiness
818,تونسية وعاشقة مغربي ربي يخليك ليا رشيد 🇹🇳❤️🇲🇦 سلطان قلبي ربي يجمعنا قريبا حلالي ❤❤,Happiness
819,الله يبارك في الصوت وليدي❤❤ جيبلينا أغنية جديدة❤,Happiness
820,تخيلو الاغنية لوكان جات باللهجة المروكية: آجي دابا ولا كندير ليك دابا الصداع أنا. كنحمق انا كندوي فلوتشورتش أنا كندير لمزيكا كنزيد فلفوليم انا وبلال وخا كيفكرني باللي فات🤣🤣😂😂 فهمتو دابا علاش غناوها بالجزائري. حيث لهجة الكاكا و الواو والواخا والدابا لا تصلح للغناء,Disgust
821,الف الف الف مبروك,Happiness
822,الله يبارك,Happiness
823,ههه😂😂😂مرحبا مليون مبروك 🎉,Happiness
824,مبروك أحب اغنية مهبول لانا ❤❤❤,Happiness
825,واو واو واو اجمل أغنية كل يوم عم ادخل للغنيةشوف عدد المشهدات واو صارت ترند الف مبروك,Happiness
826,لباس عليهم؟ صحاح هاذو,Happiness
827,الله يبارك,Happiness
828,يهبلو الله يبارك ❤❤❤😂😂😂🎉🎉😢😮😮😮😅😅😊😊,Happiness
829,تبارك الله على صوت و على أغنية 🔥.تستاهل أولدي الله يوفقك 🙏💐❤️🇲🇦,Happiness
830,🎉🎉🎉مبروك الزواج,Happiness
831,الله يبارك 💪🏼,Happiness
832,الله يبارك ماشاء الله,Happiness
833,الله يبارك خويا🎉❤,Happiness
834,وجدة الجزائرية🇩🇿 سابقا فيها كل التقاليد الجزائرية🇩🇿 لباس أطباق حلويات من العاصمة البليدة تيبازة سطيف عنابة جيجل قسنطينة بسكرة لغواط المسيلة غرداية تيارت مستغانم معسكر الشلف وهران تلمسان ههه المروك🇧🇩🇲🇦 أضحوكة العالم ههه,Disgust
835,كان عليك في آخر الكليب يكون امام مستشفى لازاري برافو عليك,Happiness
836,٠االللفلفل وة الله يسعدك يارب العالمين الله يسمع ٤٤٤٥ مرحبا مليون مبروك وربنا يتمم على ❤❤❤مرحبا مليون 🎉🎉🎉,Happiness
837,الفرنسية 🇵🇫 الله يسلمك من الشر عنك ي ٥٦ مرحبا مليون مبروك وربنا يتمم على خير يا رب يا قلبي انتي والله ما عندي شي بس ما ادري والله بس ما ادري والله بس ما ادري والله بس ❤❤❤😂❤❤❤الله يسعدك يا قلبي 😢😢😢😮😮مرحبا مليون مبروك 😂مرحبا مرحبا سهم ↔ مرحبا مليون مبروك,Happiness
838,مهبول.غنية. الله يبارك🎉🎉🎉❤❤❤🎉🎉🎉,Happiness
839,مهبول.غنية. الله يبارك,Happiness
840,يا خويا مبروك عيك 209 m 🎉🎉🎉,Happiness
841,الله يبارك صوتك مساء الله ❤ استمروا و ابهرونا بالاغنية الجديدة,Happiness
842,غنية هايلة برافو عليكم ❤❤❤,Happiness
843,اجمل اغنيه في الكوكب ربي يحفظكم كي جبتوها لنا عرس فات الشباب عرس عمي هذا انا سجى الله يبارك عرس كي درنا فيه مهبول انا رحيم نتحا في اول عرس اول اغنيه شابه وانت الروجي الله يبارك ربي يحفظك ربي يحفظك نقول لكم السلام❤,Happiness
844,ههه ضحكني غير داك سائق لومبيلونص باغي غير لامبيلونص ههه هبلتوه نيت 😂😂😂 مبروك النجاح,Happiness
845,1000مبروك عليك النجاح بالتوفيق و ربي يحفظك و يسعدك ❤❤❤🎉🎉🎉 أحسنت انك اثبت وجودك و صوتك برافووو ❤🎉,Happiness
846,الله يبارك 😅🎉❤❤❤😮😅😊😅,Happiness
847,مبروك 200 مليون,Happiness
"848,""wednesday december 25, 2024 برافو عليك خويا lazaro اغنية ديالك راها ف tendence marocain مبروك عليك 201 مليون مشاهد 💋💋💋🇲🇦🇲🇦🇲🇦❤️❤️❤️❤️"",Happiness"
849,الله يبارك اجمل اغنية سمعتها في حياتي ❤❤,Happiness
850,اغنية جميلة راهم قاع بها في لعراس الله يبارك ❤🧿🔥💖,Happiness
851,الله يبارك,Happiness
852,مبروك عليك خويا اغنية مهبول انا ناضية استمر.,Happiness
853,😂🎉 مبروك 👏 غني خير منها,Happiness
854,مبروك🎉🎉🎉❤❤❤😊😊😮,Happiness
"855,""و بلال يفكرني فلي فات 🥴 ما فهمتش الغناية الباسله هذي كيفاش عامله 190 مليون انا وين نمشي للبار نسكر نسمعها، والله اطّيرلي السّكره 🤮"",Disgust"
856,الله يبارك❤,Happiness
857,علاش,Neutral
858,أغنية خطيييرة ريتم وايقاع كتفرحني كينسمعها خصوصا لمورصو لي تكول فيه بلال يفكرني بلي فاات ضربتلي فلقلب اتمنى منك أخي أن تستمر فهاد ستايل جا معاك وما شاء الله على الإخوان لي معاك top top top,Happiness
859,الله يبارك,Happiness
860,أغنية كتحمق. 🎉🎉🎉❤❤❤مبروك,Happiness
861,انترنت غير لباس,Disgust
862,عاودتها شحال من خطرة وماشبعت منها برافو اختكم من الجزائر 🇩🇿 مرحبا مليون مبروك,Happiness
863,الله يبارك,Happiness
864,الأغنية تهبل ماشاء الله مم الكلمات الله يبارك 😂😂😂بالتوفيق,Happiness
865,غنية فشباب الله يبارك❤❤❤,Happiness
866,روعة صوت اداء والفكرة والباس وكل شيء روعة اتمنى ان تبقى المجموعة متماسكة ونشفوهم في اعمال اخرى انشالله جزايرية مرة من هنا بالتوفيق انشالله الف مبروك عالنجاح,Happiness
867,الله يبارك,Happiness
868,الله يبارك عن هذه الصوت❤❤❤من الجزائر تحياالتونسي ❤❤❤وهدى نحبك ونموت عنك ❤❤❤,Happiness
869,الله يبارك فيك هودى اغاني طوب ربي يخليك لينا 😍❤,Happiness
870,هاو وعلاش انا ضد فكرة انه هذي التونسية تدخل في اغانينا الشاوية و السطايفية😢 شفتوا اليوم راها تغني في الستيل الجزائري بلباس تونسي و غدوة ترجع اغنية تونسية لانه المغنية تونسية و اللباس تونسي😢 و كي تقوللهم ستيل جزائري يخرجوا فينا عينيهم,Sadness
871,ما شاء الله هذا الاغنيه❤❤❤😊😊😊🎉🎉🎉,Happiness
872,اغنية في القمة مشألله بالتوفيق 😘😍,Happiness
873,Madame saadallah يعطك الصحة احلوة محلاك ومحلا الباس بالتالق,Happiness
874,محلاك بنت بلادي ألف مبروك نجاح اغنية تهبل والله ممتاز محلاها بحبك برشا اغنية تهبل ماشاءالله ❤❤❤,Happiness
875,أغنية جميلة مشاء الله بالتوفيق ❤,Happiness
876,الله يبارك ❤❤,Happiness
877,الله يبارك ماشاء الله عليك هدى ❤❤❤,Happiness
878,روعة بالتوفيق❤❤,Happiness
879,روعة بالتوفيق❤❤❤,Happiness
880,🎉 الله يبارك درتها في حنة بنتي بردت ڨلبي برڨيص,Happiness
881,لباس تقليدي تونسي و ديكور تونسي و جو تونسي و تزغؤيت تونسي و تفاصيل تونسية 🇹🇳🇹🇳🇹🇳 و الإيقاع دزيري و كلمات معلمها دزيرية ... خلطة باهية مزيانة,Happiness
882,الله يبارك ❤❤❤,Happiness
883,محرمة الفتول جزائرية 😂😂😂 بديتو تسرقو لباس الجزائريات,Anger
884,عجبتني بزاف الغنية برافو و بالتوفيق ❤ تحية ليك من بومرداس 🔥🔥✨,Happiness
885,بالتوفيق 🎉,Happiness
886,بالتوفيق❤❤,Happiness
887,الله يبارك ❤والله مليحة,Happiness
888,بالتوفيق,Happiness
889,بالتوفيق هدهودة❤❤,Happiness
890,الف مبروك حبيبتي🎉🎉🎉,Happiness
891,بالتوفيق 🤍🙏,Happiness
892,بالتوفيق ❤,Happiness
893,بالتوفيق قلبي,Happiness
894,بالتوفيق هدى,Happiness
895,ألف مبروك يا روحي,Happiness
896,ألف مبروك اختي هدى بالتوفيق 🎉🎉,Happiness
897,محلاها العناية.. وصوت ماشاء الله ..بالتوفيق نور شيبة..,Happiness
898,بسم الله ماشاء الله الف مبروك تتربى في عزكم,Happiness
899,روعة يعطيك الصحة بالتوفيق ام بهاءمن الجزائر🇩🇿🇩🇿🇩🇿🇩🇿,Happiness
900,برافو حلوة الأغنية بالتوفيق انشاء الله,Happiness
901,مبروك عليك الغناية ممتازة ديما منور نووور❤❤❤,Happiness
902,الغناية تهبل مبروك ❤️,Happiness
903,برافو بالتوفيق جيش نورس,Happiness
904,مبروك تهبل الغناية❤❤❤,Happiness
"905,""برافو عليك، أغنية جميلة بالتوفيق، من متابعين نورس 🦋💙❤️"",Happiness"
906,مبروك من طرف نورس,Happiness
907,ألف مبروك تهبل الاغنية متابعين نورس 🎉,Happiness
908,ألف مبروك جيش نورس ❤❤❤,Happiness
909,مبروك تهبل الغناية 🎉❤ تيم نورس 🦋,Happiness
910,مبروك من جيش نورس,Happiness
911,❤❤❤اوت عرسي ربي يخليك لي بابا الغالي😘,Happiness
912,الله يرحمك يا بابا اتھنى عليا عايشة لباس عليا كيما عيشتني😢,Sadness
913,ما شاء الله عليك,Happiness
914,هذه الأغنية اهديها الى حبيبتي وعمري وحياتي تعبر عن حبي لها من كل قلبي ربي يخليك ليا يا احلى مرى عرفتها في حياتي الكل,Happiness
915,روعة أغنية إنشاء الله بالتوفيق والنجاح,Happiness
916,❤ ما شاء الله,Happiness
917,ماشاء الله عليك بالتوفيق يارب ❤️,Happiness
"918,""الصوت روعة ما شاء الله، الله يحفظك و يوفقك"",Happiness"
919,انشالله.بالتوفيق,Happiness
920,من اقصي شمال تونس نحبوكم برشا الناس الكل❤❤❤🎉,Happiness
921,روعة ما شاء الله ❤❤❤,Happiness
922,اسطورة قرطاج ربي يوفقك ويعطيك القبول ومحبة الرسول ما شاء الله ابدعت bonne continuation 👌👌👌🌹🌹🌹,Happiness
923,ما شاء الله رووو عة,Happiness
924,ما شاء الله❤😊,Happiness
925,حاجة راقية و قماش حرير...🌹 بالتوفيق,Happiness
926,مبروك محلاها لغنايه,Happiness
927,اغنية جميلة وكذالك الحن و الاجمل الفديوا يمثل اصالت تونس من لباس تونسي اصيل,Happiness
928,الله يوفقك يا رؤوف ماهر,Happiness
929,❤❤الله يباركلك,Happiness
930,❤❤ما شاء الله,Happiness
931,ما شاء الله ما شاء الله على هذه المعجزه الكبيره خطافه❤❤❤😊😊😊,Happiness
932,بالتوفيق وتستاهل كل خير من غير مجاملة,Happiness
933,خويا مشاء الله عليك الله يبارك كان تعملنا حفللة في الرياض السعودية متوحشين الجالية التونسية الربوخ,Happiness
934,ما شاء الله❤❤,Happiness
935,ما شاء الله ربي اباركلك ملا صوت🎉🎉🎉,Happiness
936,برافووو كاملة و الكمال لله. واصل على هذا المنوال اغاني تعرف بثقافتنا و بتراث بلادنا و اللهجة واااو ما شاء الله تخلي الانسان يرفرف,Happiness
937,محلاه مشاء الله عليك انشاء الله بالتوفيق والنجاح يارب,Happiness
938,غناية روعة صوت و كلمات ما شاء الله j'adore ♥️🥰,Happiness
939,ما شاء الله عليك ربي يحفظك ويحميك لعيلتك احلى جنوب 🤍✌️🇹🇳,Happiness
940,ماشالله عليك ولد بلادي تميز الله واحد الله يوفقك يارب,Happiness
941,من اروع الاغاني و اجملها 👍 بالتوفيق,Happiness
942,واصل في style هذا ناجح بااارشا معاك و روعة بالتوفيق,Happiness
943,ما شاء الله على صوتك,Happiness
944,الف مبروك انشاءالله ديما في التألق,Happiness
945,نحبك برشا برشا أنا جزاءرية حاولت نتعلم الهدرة التونسية ❤❤❤😊😊😊🎉🎉🎉,Happiness
946,10M ما شاء الله ❤😍😍,Happiness
947,الغناية هذي ادمان عندي نهار كامل كل ما نحط غناية نمشي لها طول براافو بالتوفيق إنشاء الله رؤوف ماهر و كامل الفريق 💖🇹🇳🇹🇳,Happiness
948,🎉ألف مبروك خويا,Happiness
949,بالتوفيق,Happiness
950,برافو عليك ❤❤❤🎉🎉🎉,Happiness
951,ألف مبروك ❤❤❤يا رؤوف ناشاءالله بل التوفق والنجا ح 😊😊😊❤❤❤😂🎉🎉🎉,Happiness
952,والله الأغنية كل يوم نسمع فيها برافو عليك رؤوف ماهر ولد بلادي مشاء الله عليك 💖💖👍👍👍💗,Happiness
"953,""مشتركة جديدة من الجزائر ،تحياتي خويا رؤوف ، اغانيك بها إصالة بالتوفيق ."",Happiness"
954,🎉ما شاء الله ربي يوفق من أحلى ما نسمع كل يوم🎉🎉🎉,Happiness
955,🎉🎉🎉الف مبروك على نجاح قرطاج❤❤❤🎉🎉🎉,Happiness
956,ما شاء الله 😘 😘 روعة,Happiness
957,ما شاء الله,Happiness
958,رؤوف دائما متألق❤ ما شاء الله 🌹👍,Happiness
959,ياسر محلاها الغناية بالتوفيق ❤,Happiness
"960,""اغنية رائعة كلمات ولحن وصورة واداء،مبرووك ،الف مبروك"",Happiness"
961,بالتوفيق,Happiness
962,ما شاء الله تجيب لنا ريحة لبلاد حتى كي منروحوش ❤❤❤,Happiness
963,الف مبروك 🎉❤❤❤,Happiness
964,أصغر معجباتك تقريب بنتي عمرها سبعة شهور تأكل كان ع غنايتك ههه بالتوفيق ان شاء الله,Happiness
965,الله الله عليك و انت خطفت ڨلوب التوانسة الكل و الوطن العربي ما شاء الله عليك و على الابداع و الاصالة,Happiness
966,الله يحميك ولد بلادي كثر مو المود هذا يمشي معك بااارشا بالتوفيق,Happiness
967,من الجزائر و احب اغاني ماهر رؤوف ما شاء الله مزيد من التالق و النجاج تستاهل,Happiness
968,ما شاء الله ديما ترجع بينا للجذور ان شاء الله ديما متميز بنوعية الاغاني هاذي ❤,Happiness
969,برافو رؤوف ماهر بالتوفيق انشاء الله في قرطاج 👏,Happiness
970,عمل راقي بالتوفيق,Happiness
971,ب❤❤❤برافو عليك يا ولد الجنوب,Happiness
972,المليون الثاني مبروك,Happiness
973,المرة هذه رجعتلك في المليون الثاني هه 💐 الف مبروك نجاح الخطافة يا رؤوف تحية ليك حوماني من حي الشرايحة وطريق بني خداش منورنا و منو مدنين 🎉🎉🎉❤❤,Happiness
974,ما شاء الله رؤوف ماهر محلاها الأغنية نتمنالك مزيد من التألق,Happiness
975,مشاء الله عليك غناية محلاها بالتوفيق إن شاء الله ❤️🥰,Happiness
976,غناية حلوة برشا مبروك❤👏,Happiness
977,ما شاء الله خويا ربي اوفق عسسل كل يوم عاملة بيها جو اني وكنزة,Happiness
978,ماشاء الله ديما مبدع روعة روعة تهبل مبروك نجاح الاغنية ❤❤,Happiness
979,كلمات رائعة توزيع وغناء وصورة ماشاءالله ألف مبروك نجاح الكليب وألف مبروك قرطاج فرحانين برشا أن شاء الله معاك في قرطاج,Happiness
980,بالتوفيق انشالله في باقي أعمالك المستقبلية... كلمات و كليب و لحن ممتازين و اصل و احتفظ بالنقاوة الفنية bon chance 👍,Happiness
981,رائع بالتوفيق دائما,Happiness
982,ما شاء الله 🎉🎉🎉,Happiness
983,حلوة الغناية بالتوفيق..ياريت اعمل معاه فيديو كليب انا زادة 😅😊,Happiness
984,جميل جداً الله يبارك ما شاء الله 🎉❤❤,Happiness
985,تبارك الله على صوتك الحلو والكلمات الراقية صحة لأمك أنها جابت كيفك,Happiness
986,اغنية ممتازة جدا ولباس تونسي و لمسة جيد من لباس قبائلي جزائري في الأغنية رائع .تحياتي إلى الشعب التونسي❤,Happiness
987,روعة الكليب و الأداء و الصوت و الفكرة اصلا ابداااع تمثلنا و تمثل تونس الكل رووف ماهر خلق و اخلاق بالتوفيق,Happiness
988,الغناية تهبل و كلماتها ياسر حلوين و زيد معهم لباس التقليدي و بلادنا و جمالها جات قد قد برافووو ماهر ❤❤❤🇹🇳🇹🇳🇹🇳,Happiness
989,ما شاء الله اغنية روعة و باش تضرب في الصيف و باش نسمعوها في الأعراس الكل بحول الله ❤❤ برافووو رؤوف مبدع كيف العادة🇹🇳🇹🇳,Happiness
"990,""غناية روعة، الله يباركلك بالتوفيق أن شاء الله"",Happiness"
991,مشالله اغنية رائعة و فنان رائع صوت و حضور و احترام بصراحة برافو الفنان الأول في تونس شرف لينا في الجنوب و خاصة مدنين بالتوفيق خطفتنا قلوبنا باغانيك الرائعة 😍😍,Happiness
992,👏الف مبروك 👏 💯صوت روعه💯 ❤ جمال صحراء❤,Happiness
993,ألف ألف مبروك خويا الغالي ❤🌹❤ بالتوفيق والنجاح وتستاهل كل خير 💖🌺💖 خطافة ❤🌹💖🌺💕☘🌷💗🍀💐🔥🌸🌸🌸🌼🌹🌸🌹💜💜💜💓🌼🌸,Happiness
994,ألف ألف مبروك خويا الغالي ❤🌹❤ بالتوفيق والنجاح وتستاهل كل خير 💖🌺💖 خطافة ❤🌹💖🌺💕☘🌷💗🍀💐🔥🌸🌸🌸🌼🌹🌸🌹💜💜💜💓🌼🌸,Happiness
995,ألف ألف مبروك خويا الغالي ❤🌹❤ بالتوفيق والنجاح وتستاهل كل خير 💖🌺💖 خطافة ❤🌹💖🌺💕☘🌷💗🍀💐🔥🌸🌸🌸🌼🌹🌸🌹💜💜💜💓🌼🌸,Happiness
996,ألف ألف مبروك خويا الغالي ❤🌹❤ بالتوفيق والنجاح وتستاهل كل خير 💖🌺💖 خطافة ❤🌹💖🌺💕☘🌷💗🍀💐🔥🌸🌸🌸🌼🌹🌸🌹💜💜💜💓🌼🌸,Happiness
997,ألف ألف مبروك خويا الغالي ❤🌹❤ بالتوفيق والنجاح وتستاهل كل خير 💖🌺💖 خطافة ❤🌹💖🌺💕☘🌷💗🍀💐🔥🌸🌸🌸🌼🌹🌸🌹💜💜💜💓🌼🌸,Happiness
998,ألف ألف مبروك خويا الغالي ❤🌹❤ بالتوفيق والنجاح وتستاهل كل خير 💖🌺💖 خطافة ❤🌹💖🌺💕☘🌷💗🍀💐🔥🌸🌸🌸🌼🌹🌸🌹💜💜💜💓🌼🌸,Happiness
999,ألف ألف مبروك خويا الغالي ❤🌹❤ بالتوفيق والنجاح وتستاهل كل خير 💖🌺💖 خطافة ❤🌹💖🌺💕☘🌷💗🍀💐🔥🌸🌸🌸🌼🌹🌸🌹💜💜💜💓🌼🌸,Happiness
1000,ألف ألف مبروك خويا الغالي ❤🌹❤ بالتوفيق والنجاح وتستاهل كل خير 💖🌺💖 خطافة ❤🌹💖🌺💕☘🌷💗🍀💐🔥🌸🌸🌸🌼🌹🌸🌹💜💜💜💓🌼🌸,Happiness
1001,ألف ألف مبروك خويا الغالي ❤🌹❤ بالتوفيق والنجاح وتستاهل كل خير 💖🌺💖 خطافة ❤🌹💖🌺💕☘🌷💗🍀💐🔥🌸🌸🌸🌼🌹🌸🌹💜💜💜💓🌼🌸,Happiness
1002,ألف ألف مبروك خويا الغالي ❤🌹❤ بالتوفيق والنجاح وتستاهل كل خير 💖🌺💖 خطافة ❤🌹💖🌺💕☘🌷💗🍀💐🔥🌸🌸🌸🌼🌹🌸🌹💜💜💜💓🌼🌸,Happiness
1003,ألف ألف مبروك خويا الغالي ❤🌹❤ بالتوفيق والنجاح وتستاهل كل خير 💖🌺💖 خطافة ❤🌹💖🌺💕☘🌷💗🍀💐🔥🌸🌸🌸🌼🌹🌸🌹💜💜💜💓🌼🌸,Happiness
1004,ألف ألف مبروك خويا الغالي ❤🌹❤ بالتوفيق والنجاح وتستاهل كل خير 💖🌺💖 خطافة ❤🌹💖🌺💕☘🌷💗🍀💐🔥🌸🌸🌸🌼🌹🌸🌹💜💜💜💓🌼🌸,Happiness
1005,ألف ألف مبروك خويا الغالي ❤🌹❤ بالتوفيق والنجاح وتستاهل كل خير 💖🌺💖 خطافة ❤🌹💖🌺💕☘🌷💗🍀💐🔥🌸🌸🌸🌼🌹🌸🌹💜💜💜💓🌼🌸,Happiness
1006,ألف ألف مبروك خويا الغالي ❤🌹❤ بالتوفيق والنجاح وتستاهل كل خير 💖🌺💖 خطافة ❤🌹💖🌺💕☘🌷💗🍀💐🔥🌸🌸🌸🌼🌹🌸🌹💜💜💜💓🌼🌸,Happiness
1007,ألف ألف مبروك خويا الغالي ❤🌹❤ بالتوفيق والنجاح وتستاهل كل خير 💖🌺💖 خطافة ❤🌹💖🌺💕☘🌷💗🍀💐🔥🌸🌸🌸🌼🌹🌸🌹💜💜💜💓🌼🌸,Happiness
1008,ألف ألف مبروك خويا الغالي ❤🌹❤ بالتوفيق والنجاح وتستاهل كل خير 💖🌺💖 خطافة ❤🌹💖🌺💕☘🌷💗🍀💐🔥🌸🌸🌸🌼🌹🌸🌹💜💜💜💓🌼🌸,Happiness
1009,يجننن احلا فنان تونسي الله يبارك عليك تحية ليك من ليبيا❤,Happiness
